[
{
  "model": "contenttypes.contenttype",
  "pk": 1,
  "fields": {
    "app_label": "admin",
    "model": "logentry"
  }
},
{
  "model": "contenttypes.contenttype",
  "pk": 2,
  "fields": {
    "app_label": "auth",
    "model": "permission"
  }
},
{
  "model": "contenttypes.contenttype",
  "pk": 3,
  "fields": {
    "app_label": "auth",
    "model": "group"
  }
},
{
  "model": "contenttypes.contenttype",
  "pk": 4,
  "fields": {
    "app_label": "auth",
    "model": "user"
  }
},
{
  "model": "contenttypes.contenttype",
  "pk": 5,
  "fields": {
    "app_label": "contenttypes",
    "model": "contenttype"
  }
},
{
  "model": "contenttypes.contenttype",
  "pk": 6,
  "fields": {
    "app_label": "sessions",
    "model": "session"
  }
},
{
  "model": "contenttypes.contenttype",
  "pk": 7,
  "fields": {
    "app_label": "webapp",
    "model": "user"
  }
},
{
  "model": "contenttypes.contenttype",
  "pk": 8,
  "fields": {
    "app_label": "webapp",
    "model": "article"
  }
},
{
  "model": "contenttypes.contenttype",
  "pk": 9,
  "fields": {
    "app_label": "webapp",
    "model": "comment"
  }
},
{
  "model": "contenttypes.contenttype",
  "pk": 10,
  "fields": {
    "app_label": "webapp",
    "model": "ratting"
  }
},
{
  "model": "sessions.session",
  "pk": "0igugsexkkqqkieelg9q6ylxqd0z7q67",
  "fields": {
    "session_data": "Zjk2ZDVhYjIxY2NjZDI3YTlkOTBmNGYzYzU3ZDRkZWY0YjZjMzE0OTp7Il9hdXRoX3VzZXJfaWQiOiIxIiwiX2F1dGhfdXNlcl9iYWNrZW5kIjoiZGphbmdvLmNvbnRyaWIuYXV0aC5iYWNrZW5kcy5Nb2RlbEJhY2tlbmQiLCJfYXV0aF91c2VyX2hhc2giOiJiZDBmNDIxNTVhNzBkN2FiNjlkNDU4NTU3MDVkYzZjOGQ0ZTc3OTVkIn0=",
    "expire_date": "2019-01-03T10:36:42.552Z"
  }
},
{
  "model": "sessions.session",
  "pk": "rust4mtbq01qw9qxhsjrpa1g99ha9db4",
  "fields": {
    "session_data": "Zjk2ZDVhYjIxY2NjZDI3YTlkOTBmNGYzYzU3ZDRkZWY0YjZjMzE0OTp7Il9hdXRoX3VzZXJfaWQiOiIxIiwiX2F1dGhfdXNlcl9iYWNrZW5kIjoiZGphbmdvLmNvbnRyaWIuYXV0aC5iYWNrZW5kcy5Nb2RlbEJhY2tlbmQiLCJfYXV0aF91c2VyX2hhc2giOiJiZDBmNDIxNTVhNzBkN2FiNjlkNDU4NTU3MDVkYzZjOGQ0ZTc3OTVkIn0=",
    "expire_date": "2018-12-30T09:39:28.272Z"
  }
},
{
  "model": "webapp.user",
  "pk": 1,
  "fields": {
    "nickname": "Pharaon",
    "name": "\u0418\u0432\u0430\u043d",
    "surname": "\u0418\u0432\u0430\u043d\u043e\u0432",
    "favorites": [
      8
    ]
  }
},
{
  "model": "webapp.user",
  "pk": 2,
  "fields": {
    "nickname": "M@rvel",
    "name": "\u041f\u0435\u0442\u0440",
    "surname": "\u041f\u0435\u0442\u0440\u043e\u0432",
    "favorites": [
      5
    ]
  }
},
{
  "model": "webapp.user",
  "pk": 3,
  "fields": {
    "nickname": "Isadora Duncan",
    "name": "\u041c\u0430\u0440\u0438\u044f",
    "surname": "\u041a\u0438\u043c",
    "favorites": [
      7
    ]
  }
},
{
  "model": "webapp.user",
  "pk": 4,
  "fields": {
    "nickname": "Butch",
    "name": "Bruce",
    "surname": "Willis",
    "favorites": [
      1
    ]
  }
},
{
  "model": "webapp.user",
  "pk": 5,
  "fields": {
    "nickname": "mr.White",
    "name": "Harvey",
    "surname": "Keitel",
    "favorites": [
      2,
      4
    ]
  }
},
{
  "model": "webapp.article",
  "pk": 1,
  "fields": {
    "title": "\u0411\u0438\u0430\u0442\u043b\u043e\u043d\u0438\u0441\u0442\u043a\u0438 \u0438\u0437\u00a0\u0420\u043e\u0441\u0441\u0438\u0438 \u0437\u0430\u043d\u044f\u043b\u0438 \u0432\u0435\u0441\u044c \u043f\u043e\u0434\u0438\u0443\u043c",
    "content": "\u0420\u043e\u0441\u0441\u0438\u0439\u0441\u043a\u0430\u044f \u0431\u0438\u0430\u0442\u043b\u043e\u043d\u0438\u0441\u0442\u043a\u0430 \u0410\u043d\u0430\u0441\u0442\u0430\u0441\u0438\u044f \u041c\u043e\u0440\u043e\u0437\u043e\u0432\u0430 \u043f\u043e\u0431\u0435\u0434\u0438\u043b\u0430 \u0432\u00a0\u0433\u043e\u043d\u043a\u0435 \u043f\u0440\u0435\u0441\u043b\u0435\u0434\u043e\u0432\u0430\u043d\u0438\u044f \u043d\u0430\u00a0\u0432\u0442\u043e\u0440\u043e\u043c \u044d\u0442\u0430\u043f\u0435 \u041a\u0443\u0431\u043a\u0430 IBU\u00a0\u0432\u00a0\u0438\u0442\u0430\u043b\u044c\u044f\u043d\u0441\u043a\u043e\u043c \u0420\u0438\u0434\u043d\u0430\u0443 (31.05,1). \u0421\u0435\u0440\u0435\u0431\u0440\u043e \u0438\u00a0\u0431\u0440\u043e\u043d\u0437\u0430 \u0442\u0430\u043a\u0436\u0435 \u0434\u043e\u0441\u0442\u0430\u043b\u0438\u0441\u044c \u0440\u043e\u0441\u0441\u0438\u044f\u043d\u043a\u0430\u043c\u00a0\u2014 \u0412\u0438\u043a\u0442\u043e\u0440\u0438\u0438 \u0421\u043b\u0438\u0432\u043a\u043e \u0438\u00a0\u0421\u0432\u0435\u0442\u043b\u0430\u043d\u0435 \u041c\u0438\u0440\u043e\u043d\u043e\u0432\u043e\u0439. \u041e\u043d\u0438\u00a0\u043e\u0442\u0441\u0442\u0430\u043b\u0438 \u043e\u0442\u00a0\u043b\u0438\u0434\u0435\u0440\u0430 \u043d\u0430\u00a015\u00a0\u0438\u00a055\u00a0\u0441\u0435\u043a\u0443\u043d\u0434 \u0441\u043e\u043e\u0442\u0432\u0435\u0442\u0441\u0442\u0432\u0435\u043d\u043d\u043e.\r\n\u041f\u043e\u0431\u0435\u0434\u0438\u0442\u0435\u043b\u044c\u043d\u0438\u0446\u0430 \u0434\u043e\u043f\u0443\u0441\u0442\u0438\u043b\u0430 \u0442\u0440\u0438\u00a0\u043f\u0440\u043e\u043c\u0430\u0445\u0430 \u043d\u0430\u00a0\u043e\u0433\u043d\u0435\u0432\u044b\u0445 \u0440\u0443\u0431\u0435\u0436\u0430\u0445. \u0421\u0442\u043e\u043b\u044c\u043a\u043e \u0436\u0435\u00a0\u0443\u00a0\u041c\u0438\u0440\u043e\u043d\u043e\u0432\u043e\u0439, \u0421\u043b\u0438\u0432\u043a\u043e \u043e\u0442\u0441\u0442\u0440\u0435\u043b\u044f\u043b\u0430 \u00ab\u043d\u0430\u00a0\u043d\u043e\u043b\u044c\u00bb.\r\n\u0414\u0440\u0443\u0433\u0438\u0435 \u0440\u043e\u0441\u0441\u0438\u044f\u043d\u043a\u0438 \u0415\u043a\u0430\u0442\u0435\u0440\u0438\u043d\u0430 \u041c\u043e\u0448\u043a\u043e\u0432\u0430, \u041d\u0430\u0442\u0430\u043b\u044c\u044f \u0413\u0435\u0440\u0431\u0443\u043b\u043e\u0432\u0430, \u0418\u0440\u0438\u043d\u0430 \u041a\u0430\u0437\u0430\u043a\u0435\u0432\u0438\u0447 \u0437\u0430\u043d\u044f\u043b\u0438 23-\u0435, 26-\u0435\u00a0\u0438\u00a036-\u0435\u00a0\u043c\u0435\u0441\u0442\u0430.\r\n\u041d\u0430\u043a\u0430\u043d\u0443\u043d\u0435 News.ru\u00a0\u043f\u0438\u0441\u0430\u043b, \u0447\u0442\u043e\u00a0\u041c\u043e\u0440\u043e\u0437\u043e\u0432\u0430 \u0444\u0438\u043d\u0438\u0448\u0438\u0440\u043e\u0432\u0430\u043b\u0430 \u043f\u0435\u0440\u0432\u043e\u0439 \u043d\u0430\u00a0\u044d\u0442\u0430\u043f\u0435 \u041a\u0443\u0431\u043a\u0430 IBU\u00a0\u0432\u00a0\u0441\u043f\u0440\u0438\u043d\u0442\u0435.",
    "author": 1
  }
},
{
  "model": "webapp.article",
  "pk": 2,
  "fields": {
    "title": "\u0411\u044b\u0432\u0448\u0435\u0433\u043e \u0444\u0443\u0442\u0431\u043e\u043b\u0438\u0441\u0442\u0430 \u0441\u0431\u043e\u0440\u043d\u043e\u0439 \u0420\u043e\u0441\u0441\u0438\u0438 \u0432\u0441\u0442\u0440\u0435\u0442\u0438\u043b\u0438 \u043f\u043e\u0445\u043e\u0436\u0438\u043c \u043d\u0430\u00a0\u0431\u043e\u043c\u0436\u0430",
    "content": "\u0411\u044b\u0432\u0448\u0438\u0439 \u043d\u0430\u043f\u0430\u0434\u0430\u044e\u0449\u0438\u0439 \u0441\u0431\u043e\u0440\u043d\u043e\u0439 \u0420\u043e\u0441\u0441\u0438\u0438 \u0420\u043e\u043c\u0430\u043d \u041f\u0430\u0432\u043b\u044e\u0447\u0435\u043d\u043a\u043e \u0440\u0430\u0441\u0441\u043a\u0430\u0437\u0430\u043b \u043e\u00a0\u0432\u0441\u0442\u0440\u0435\u0447\u0435 \u0441\u00a0\u043f\u0430\u0440\u0442\u043d\u0435\u0440\u043e\u043c \u043f\u043e\u00a0\u043d\u0430\u0446\u0438\u043e\u043d\u0430\u043b\u044c\u043d\u043e\u0439 \u043a\u043e\u043c\u0430\u043d\u0434\u0435 \u043f\u043e\u043b\u0443\u0437\u0430\u0449\u0438\u0442\u043d\u0438\u043a\u043e\u043c \u0418\u0432\u0430\u043d\u043e\u043c \u0421\u0430\u0435\u043d\u043a\u043e. \u0418\u043d\u0442\u0435\u0440\u0432\u044c\u044e \u0441\u00a0\u043d\u0438\u043c\u00a0\u0432\u044b\u0448\u043b\u043e \u0432\u00a0\u044d\u0444\u0438\u0440\u0435 \u043a\u0430\u043d\u0430\u043b\u0430 \u00ab\u041c\u0430\u0442\u0447 \u041f\u0440\u0435\u043c\u044c\u0435\u0440\u00bb.\r\n\u041f\u043e\u00a0\u0441\u043b\u043e\u0432\u0430\u043c 37-\u043b\u0435\u0442\u043d\u0435\u0433\u043e \u041f\u0430\u0432\u043b\u044e\u0447\u0435\u043d\u043a\u043e, \u0421\u0430\u0435\u043d\u043a\u043e \u0431\u044b\u043b\u00a0\u043e\u0431\u043c\u0430\u043d\u0443\u0442 \u00ab\u043b\u0443\u0447\u0448\u0438\u043c \u0434\u0440\u0443\u0433\u043e\u043c\u00bb, \u043a\u043e\u0442\u043e\u0440\u044b\u0439 \u043f\u043e\u0441\u043e\u0432\u0435\u0442\u043e\u0432\u0430\u043b \u0442\u043e\u043c\u0443 \u0432\u043b\u043e\u0436\u0438\u0442\u044c \u0434\u0435\u043d\u044c\u0433\u0438 \u0432\u00a0\u00ab\u043f\u043e\u043b\u044f \u0432\u00a0\u0410\u0444\u0440\u0438\u043a\u0435\u00bb.\r\n\u00ab\u042f\u00a0\u0432\u043e\u0442\u00a0\u043d\u0435\u00a0\u0442\u0430\u043a\u00a0\u0434\u0430\u0432\u043d\u043e \u0435\u0433\u043e\u00a0\u0432\u0438\u0434\u0435\u043b, \u043e\u043d\u00a0\u0432\u044b\u0433\u043b\u044f\u0434\u0435\u043b \u043a\u0430\u043a\u00a0\u0431\u043e\u043c\u0436\u00bb,\u00a0\u2014 \u043e\u0442\u043c\u0435\u0442\u0438\u043b \u0444\u0443\u0442\u0431\u043e\u043b\u0438\u0441\u0442.\r\n\u041f\u0440\u0438\u00a0\u044d\u0442\u043e\u043c \u043e\u043d\u00a0\u0434\u043e\u043f\u0443\u0441\u0442\u0438\u043b, \u0447\u0442\u043e\u00a0\u043f\u043e\u043b\u043e\u0436\u0435\u043d\u0438\u0435 \u0421\u0430\u0435\u043d\u043a\u043e \u043c\u043e\u0433\u043b\u043e \u0438\u0441\u043f\u0440\u0430\u0432\u0438\u0442\u044c\u0441\u044f.\r\n\u0421\u0430\u0435\u043d\u043a\u043e \u0437\u0430\u0432\u0435\u0440\u0448\u0438\u043b \u043a\u0430\u0440\u044c\u0435\u0440\u0443 \u0438\u0433\u0440\u043e\u043a\u0430 \u0432\u00a02011 \u0433\u043e\u0434\u0443. \u041d\u0430\u00a0\u0442\u043e\u0442\u00a0\u043c\u043e\u043c\u0435\u043d\u0442 \u043f\u043e\u043b\u0443\u0437\u0430\u0449\u0438\u0442\u043d\u0438\u043a\u0443 \u0431\u044b\u043b\u043e 28\u00a0\u043b\u0435\u0442. \u041a\u0430\u043a\u00a0\u0438\u00a0\u041f\u0430\u0432\u043b\u044e\u0447\u0435\u043d\u043a\u043e, \u043e\u043d\u00a0\u0431\u044b\u043b\u00a0\u0432\u00a0\u0441\u043e\u0441\u0442\u0430\u0432\u0435 \u0441\u0431\u043e\u0440\u043d\u043e\u0439 \u0420\u043e\u0441\u0441\u0438\u0438 \u043d\u0430\u00a0\u0447\u0435\u043c\u043f\u0438\u043e\u043d\u0430\u0442\u0435 \u0415\u0432\u0440\u043e\u043f\u044b \u0432\u00a02008 \u0433\u043e\u0434\u0443. \u0422\u043e\u0433\u0434\u0430 \u0440\u043e\u0441\u0441\u0438\u0439\u0441\u043a\u0430\u044f \u0441\u0431\u043e\u0440\u043d\u0430\u044f \u0434\u043e\u0431\u0440\u0430\u043b\u0430\u0441\u044c \u0434\u043e\u00a0\u043f\u043e\u043b\u0443\u0444\u0438\u043d\u0430\u043b\u0430 \u0442\u0443\u0440\u043d\u0438\u0440\u0430 \u0438\u00a0\u0437\u0430\u0432\u043e\u0435\u0432\u0430\u043b\u0430 \u0431\u0440\u043e\u043d\u0437\u043e\u0432\u044b\u0435 \u043c\u0435\u0434\u0430\u043b\u0438.\r\n\u0411\u043e\u043b\u044c\u0448\u0443\u044e \u0447\u0430\u0441\u0442\u044c \u043a\u0430\u0440\u044c\u0435\u0440\u044b \u0421\u0430\u0435\u043d\u043a\u043e \u043f\u0440\u043e\u0432\u0435\u043b \u0432\u00a0\u0413\u0435\u0440\u043c\u0430\u043d\u0438\u0438, \u0432\u044b\u0441\u0442\u0443\u043f\u0430\u044f \u0437\u0430\u00a0\u00ab\u041a\u0430\u0440\u043b\u0441\u0440\u0443\u044d\u00bb \u0438\u00a0\u00ab\u041d\u044e\u0440\u043d\u0431\u0435\u0440\u0433\u00bb. \u041f\u043e\u0441\u043b\u0435 \u0443\u0441\u043f\u0435\u0448\u043d\u043e\u0433\u043e \u0432\u044b\u0441\u0442\u0443\u043f\u043b\u0435\u043d\u0438\u044f \u043d\u0430\u00a0\u0415\u0432\u0440\u043e \u043f\u043e\u043b\u0443\u0437\u0430\u0449\u0438\u0442\u043d\u0438\u043a \u043f\u0435\u0440\u0435\u0448\u0435\u043b \u0432\u00a0\u043c\u043e\u0441\u043a\u043e\u0432\u0441\u043a\u0438\u0439 \u00ab\u0421\u043f\u0430\u0440\u0442\u0430\u043a\u00bb, \u0432\u00a0\u0441\u043e\u0441\u0442\u0430\u0432\u0435 \u043a\u043e\u0442\u043e\u0440\u043e\u0433\u043e \u0441\u0442\u0430\u043b \u0441\u0435\u0440\u0435\u0431\u0440\u044f\u043d\u044b\u043c \u043f\u0440\u0438\u0437\u0435\u0440\u043e\u043c \u0447\u0435\u043c\u043f\u0438\u043e\u043d\u0430\u0442\u0430 \u0420\u043e\u0441\u0441\u0438\u0438.",
    "author": 2
  }
},
{
  "model": "webapp.article",
  "pk": 3,
  "fields": {
    "title": "\u041e\u0442\u0435\u0446 \u0444\u0443\u0442\u0431\u043e\u043b\u0438\u0441\u0442\u0430 \u00ab\u0428\u0442\u0443\u0442\u0433\u0430\u0440\u0442\u0430\u00bb \u0441\u043a\u043e\u043d\u0447\u0430\u043b\u0441\u044f \u043d\u0430\u00a0\u0441\u0442\u0430\u0434\u0438\u043e\u043d\u0435 \u043f\u043e\u0441\u043b\u0435 \u043c\u0430\u0442\u0447\u0430 \u0441\u00a0\u00ab\u0413\u0435\u0440\u0442\u043e\u0439\u00bb",
    "content": "\u041e\u0442\u0435\u0446 \u043a\u0430\u043f\u0438\u0442\u0430\u043d\u0430 \"\u0428\u0442\u0443\u0442\u0433\u0430\u0440\u0442\u0430\" \u041a\u0440\u0438\u0441\u0442\u0438\u0430\u043d\u0430 \u0413\u0435\u043d\u0442\u043d\u0435\u0440\u0430 \u0413\u0435\u0440\u0431\u0435\u0440\u0442 \u0413\u0435\u043d\u0442\u043d\u0435\u0440 \u0441\u043a\u043e\u043d\u0447\u0430\u043b\u0441\u044f \u043f\u043e\u0441\u043b\u0435 \u043c\u0430\u0442\u0447\u0430 \u043a\u043e\u043c\u0430\u043d\u0434\u044b \u0441\u0432\u043e\u0435\u0433\u043e \u0441\u044b\u043d\u0430 \u043f\u0440\u043e\u0442\u0438\u0432 \"\u0413\u0435\u0440\u0442\u044b\" \u0432\u00a0\u0447\u0435\u043c\u043f\u0438\u043e\u043d\u0430\u0442\u0435 \u0413\u0435\u0440\u043c\u0430\u043d\u0438\u0438 \u043f\u043e\u00a0\u0444\u0443\u0442\u0431\u043e\u043b\u0443, \u0441\u043e\u043e\u0431\u0449\u0430\u0435\u0442\u0441\u044f \u043d\u0430\u00a0\u043e\u0444\u0438\u0446\u0438\u0430\u043b\u044c\u043d\u043e\u043c \u0441\u0430\u0439\u0442\u0435 \"\u0428\u0442\u0443\u0442\u0433\u0430\u0440\u0442\u0430\".\r\n\u0412\u0441\u0442\u0440\u0435\u0447\u0430 \u043f\u0440\u043e\u0448\u043b\u0430 \u0432\u00a0\u0441\u0443\u0431\u0431\u043e\u0442\u0443 \u043d\u0430\u00a0\u0434\u043e\u043c\u0430\u0448\u043d\u0435\u0439 \u0430\u0440\u0435\u043d\u0435 \"\u0448\u0432\u0430\u0431\u043e\u0432\" \u0438\u00a0\u0437\u0430\u0432\u0435\u0440\u0448\u0438\u043b\u0430\u0441\u044c \u043f\u043e\u0431\u0435\u0434\u043e\u0439 \u0445\u043e\u0437\u044f\u0435\u0432 \u0441\u043e\u00a0\u0441\u0447\u0435\u0442\u043e\u043c 2:1. \u0423\u00a0\u043f\u043e\u0431\u0435\u0434\u0438\u0442\u0435\u043b\u0435\u0439 \u0434\u0443\u0431\u043b\u044c \u043e\u0444\u043e\u0440\u043c\u0438\u043b \u041c\u0430\u0440\u0438\u043e \u0413\u043e\u043c\u0435\u0441, \u043a\u043e\u0442\u043e\u0440\u044b\u0439 \u0437\u0430\u0431\u0438\u043b \u0432\u0442\u043e\u0440\u043e\u0439 \u043c\u044f\u0447\u00a0\u043f\u043e\u0441\u043b\u0435 \u0433\u043e\u043b\u0435\u0432\u043e\u0439 \u043f\u0435\u0440\u0435\u0434\u0430\u0447\u0438 \u0413\u0435\u043d\u0442\u043d\u0435\u0440\u0430.\r\n\u041a\u0430\u043a\u00a0\u0441\u043e\u043e\u0431\u0449\u0430\u0435\u0442\u0441\u044f, \u0441\u043c\u0435\u0440\u0442\u044c \u0413\u0435\u0440\u0431\u0435\u0440\u0442\u0430 \u0413\u0435\u043d\u0442\u043d\u0435\u0440\u0430 \u043d\u0430\u0441\u0442\u0443\u043f\u0438\u043b\u0430 \u0441\u0440\u0430\u0437\u0443 \u043f\u043e\u0441\u043b\u0435 \u043e\u043a\u043e\u043d\u0447\u0430\u043d\u0438\u044f \u043c\u0430\u0442\u0447\u0430 \u043f\u0440\u044f\u043c\u043e \u043d\u0430\u00a0\u0441\u0442\u0430\u0434\u0438\u043e\u043d\u0435.\r\n\"\u0428\u0442\u0443\u0442\u0433\u0430\u0440\u0442\" \u043e\u043f\u043b\u0430\u043a\u0438\u0432\u0430\u0435\u0442 \u043f\u043e\u0442\u0435\u0440\u044e \u0413\u0435\u0440\u0431\u0435\u0440\u0442\u0430 \u0413\u0435\u043d\u0442\u043d\u0435\u0440\u0430. \u041e\u0442\u0435\u0446 \u043a\u0430\u043f\u0438\u0442\u0430\u043d\u0430 \u043d\u0430\u0448\u0435\u0439 \u043a\u043e\u043c\u0430\u043d\u0434\u044b \u041a\u0440\u0438\u0441\u0442\u0438\u0430\u043d\u0430 \u0413\u0435\u043d\u0442\u043d\u0435\u0440\u0430 \u0441\u043a\u043e\u043d\u0447\u0430\u043b\u0441\u044f \u0441\u0440\u0430\u0437\u0443 \u043f\u043e\u0441\u043b\u0435 \u0434\u043e\u043c\u0430\u0448\u043d\u0435\u0439 \u0438\u0433\u0440\u044b \u0441\u00a0\"\u0413\u0435\u0440\u0442\u043e\u0439\" \u043d\u0430\u0441\u00a0\u0441\u0442\u0430\u0434\u0438\u043e\u043d\u0435. \u041d\u0430\u0448\u00a0\u043a\u043b\u0443\u0431 \u0432\u0441\u0435\u043c\u0438 \u043c\u044b\u0441\u043b\u044f\u043c\u0438 \u043d\u0430\u0445\u043e\u0434\u0438\u0442\u0441\u044f \u0432\u00a0\u044d\u0442\u043e\u00a0\u0442\u0440\u0443\u0434\u043d\u043e\u0435 \u0432\u0440\u0435\u043c\u044f \u0432\u043c\u0435\u0441\u0442\u0435 \u0441\u00a0\u0441\u0435\u043c\u044c\u0435\u0439 \u0413\u0435\u043d\u0442\u043d\u0435\u0440\u0430\",\u00a0\u2014 \u0433\u043e\u0432\u043e\u0440\u0438\u0442\u0441\u044f \u0432\u00a0\u0441\u043e\u043e\u0431\u0449\u0435\u043d\u0438\u0438 \u043f\u0440\u0435\u0441\u0441-\u0441\u043b\u0443\u0436\u0431\u044b.",
    "author": 3
  }
},
{
  "model": "webapp.article",
  "pk": 4,
  "fields": {
    "title": "\u0413\u043e\u043b\u00a0\u0420\u043e\u043d\u0430\u043b\u0434\u0443 \u0441\u00a0\u043f\u0435\u043d\u0430\u043b\u044c\u0442\u0438 \u043f\u0440\u0438\u043d\u0435\u0441 \u00ab\u042e\u0432\u0435\u043d\u0442\u0443\u0441\u0443\u00bb \u043f\u043e\u0431\u0435\u0434\u0443 \u043d\u0430\u0434\u00a0\u00ab\u0422\u043e\u0440\u0438\u043d\u043e\u00bb",
    "content": "\u0424\u0443\u0442\u0431\u043e\u043b\u0438\u0441\u0442\u044b \"\u042e\u0432\u0435\u043d\u0442\u0443\u0441\u0430\" \u043f\u0435\u0440\u0435\u0438\u0433\u0440\u0430\u043b\u0438 \"\u0422\u043e\u0440\u0438\u043d\u043e\" \u0432\u00a0\u0442\u0443\u0440\u0438\u043d\u0441\u043a\u043e\u043c \u0434\u0435\u0440\u0431\u0438 \u0432\u00a0\u0440\u0430\u043c\u043a\u0430\u0445 16-\u0433\u043e\u00a0\u0442\u0443\u0440\u0430 \u0447\u0435\u043c\u043f\u0438\u043e\u043d\u0430\u0442\u0430 \u0418\u0442\u0430\u043b\u0438\u0438.\r\n\u0412\u0441\u0442\u0440\u0435\u0447\u0430, \u043f\u0440\u043e\u0448\u0435\u0434\u0448\u0430\u044f \u0432\u00a0\u0441\u0443\u0431\u0431\u043e\u0442\u0443 \u043d\u0430\u00a0\u043f\u043e\u043b\u0435 \"\u0422\u043e\u0440\u0438\u043d\u043e\", \u0437\u0430\u0432\u0435\u0440\u0448\u0438\u043b\u0430\u0441\u044c \u0441\u043e\u00a0\u0441\u0447\u0435\u0442\u043e\u043c 1:0\u00a0\u0432\u00a0\u043f\u043e\u043b\u044c\u0437\u0443 \"\u042e\u0432\u0435\". \u0415\u0434\u0438\u043d\u0441\u0442\u0432\u0435\u043d\u043d\u044b\u0439 \u043c\u044f\u0447\u00a0\u0441\u00a0\u043f\u0435\u043d\u0430\u043b\u044c\u0442\u0438 \u043d\u0430\u00a070-\u0439\u00a0\u043c\u0438\u043d\u0443\u0442\u0435 \u0437\u0430\u0431\u0438\u043b \u041a\u0440\u0438\u0448\u0442\u0438\u0430\u043d\u0443 \u0420\u043e\u043d\u0430\u043b\u0434\u0443.\r\n\"\u042e\u0432\u0435\u043d\u0442\u0443\u0441\" \u043d\u0430\u0431\u0440\u0430\u043b 46\u00a0\u043e\u0447\u043a\u043e\u0432 \u0438\u00a0\u043f\u0440\u043e\u0434\u043e\u043b\u0436\u0430\u0435\u0442 \u043b\u0438\u0434\u0438\u0440\u043e\u0432\u0430\u0442\u044c \u0432\u00a0\u0442\u0430\u0431\u043b\u0438\u0446\u0435 \u0441\u0435\u0440\u0438\u0438 \u0410, \u043e\u0431\u0433\u043e\u043d\u044f\u044f \"\u041d\u0430\u043f\u043e\u043b\u0438\" \u043d\u0430\u00a011\u00a0\u0431\u0430\u043b\u043b\u043e\u0432. \"\u0422\u043e\u0440\u0438\u043d\u043e\" \u0441\u00a022\u00a0\u043e\u0447\u043a\u0430\u043c\u0438 \u0437\u0430\u043d\u0438\u043c\u0430\u0435\u0442 \u0448\u0435\u0441\u0442\u0443\u044e \u0441\u0442\u0440\u043e\u0447\u043a\u0443.",
    "author": 4
  }
},
{
  "model": "webapp.article",
  "pk": 5,
  "fields": {
    "title": "\u041e\u0432\u0435\u0447\u043a\u0438\u043d \u043f\u043e\u0431\u0438\u043b \u0441\u0432\u043e\u0439 \u0436\u0435\u00a0\u0440\u0435\u043a\u043e\u0440\u0434 \u0432\u00a0\u041d\u0425\u041b",
    "content": "\u0420\u043e\u0441\u0441\u0438\u0439\u0441\u043a\u0438\u0439 \u043d\u0430\u043f\u0430\u0434\u0430\u044e\u0449\u0438\u0439 \"\u0412\u0430\u0448\u0438\u043d\u0433\u0442\u043e\u043d \u041a\u044d\u043f\u0438\u0442\u0430\u043b\u0437\" \u0410\u043b\u0435\u043a\u0441\u0430\u043d\u0434\u0440 \u041e\u0432\u0435\u0447\u043a\u0438\u043d \u043f\u043e\u0431\u0438\u043b \u0441\u0432\u043e\u0439 \u0436\u0435\u00a0\u0440\u0435\u043a\u043e\u0440\u0434 \u0432\u00a0\u041d\u0430\u0446\u0438\u043e\u043d\u0430\u043b\u044c\u043d\u043e\u0439 \u0445\u043e\u043a\u043a\u0435\u0439\u043d\u043e\u0439 \u043b\u0438\u0433\u0435 (\u041d\u0425\u041b), \u0441\u043e\u043e\u0431\u0449\u0430\u0435\u0442 \"\u0421\u043e\u0432\u0435\u0442\u0441\u043a\u0438\u0439 \u0441\u043f\u043e\u0440\u0442\".\r\n\u0412\u00a0\u043d\u043e\u0447\u044c \u0441\u00a015\u00a0\u043d\u0430\u00a016\u00a0\u0434\u0435\u043a\u0430\u0431\u0440\u044f \u0432\u00a0\u0440\u0430\u043c\u043a\u0430\u0445 \u0440\u0435\u0433\u0443\u043b\u044f\u0440\u043d\u043e\u0433\u043e \u0447\u0435\u043c\u043f\u0438\u043e\u043d\u0430\u0442\u0430 \u041d\u0425\u041b\u00a0\u043f\u0440\u043e\u0445\u043e\u0434\u0438\u0442 \u043c\u0430\u0442\u0447 \"\u0412\u0430\u0448\u0438\u043d\u0433\u0442\u043e\u043d \u041a\u044d\u043f\u0438\u0442\u0430\u043b\u0437\"\u00a0\u2014 \"\u0411\u0430\u0444\u0444\u0430\u043b\u043e \u0421\u044d\u0439\u0431\u0440\u0437\".\r\n\u041e\u0432\u0435\u0447\u043a\u0438\u043d \u0437\u0430\u0431\u0440\u043e\u0441\u0438\u043b \u0448\u0430\u0439\u0431\u0443 \u043d\u0430\u00a034-\u0439\u00a0\u043c\u0438\u043d\u0443\u0442\u0435 \u0432\u0441\u0442\u0440\u0435\u0447\u0438. \u0414\u043b\u044f\u00a0\u041e\u0432\u0435\u0447\u043a\u0438\u043d\u0430 \u044d\u0442\u043e\u0442 \u0433\u043e\u043b\u00a0\u0441\u0442\u0430\u043b 29-\u0439\u00a0\u0432\u00a0\u0441\u0435\u0437\u043e\u043d\u0435. \u0412\u0441\u0435\u0433\u043e \u0437\u0430\u00a0\u044d\u0442\u043e\u0442 \u0441\u0435\u0437\u043e\u043d \u0444\u043e\u0440\u0432\u0430\u0440\u0434 \u043d\u0430\u0431\u0440\u0430\u043b 43\u00a0(29+14) \u043e\u0447\u043a\u043e\u0432.\r\n\u041d\u0430\u043f\u0430\u0434\u0430\u044e\u0449\u0438\u0439 \u043d\u0430\u0431\u0440\u0430\u043b \u043e\u0447\u043a\u0438 \u0443\u0436\u0435\u00a0\u0432\u00a014-\u043c\u00a0\u043c\u0430\u0442\u0447\u0435 \u043f\u043e\u0434\u0440\u044f\u0434. \u042d\u0442\u043e\u00a0\u043f\u043e\u0437\u0432\u043e\u043b\u0438\u043b\u043e \u0435\u043c\u0443\u00a0\u043f\u043e\u0431\u0438\u0442\u044c \u0441\u0432\u043e\u0439 \u0436\u0435\u00a0\u0440\u0435\u043a\u043e\u0440\u0434 \u0440\u0435\u0437\u0443\u043b\u044c\u0442\u0430\u0442\u0438\u0432\u043d\u043e\u0439 \u0441\u0435\u0440\u0438\u0438, \u043a\u043e\u0442\u043e\u0440\u0430\u044f \u0432\u00a0\u0441\u0435\u0437\u043e\u043d\u0435-2006/07\u00a0\u0441\u043e\u0441\u0442\u0430\u0432\u043b\u044f\u043b\u0430 13\u00a0\u043c\u0430\u0442\u0447\u0435\u0439.\r\n\u0420\u0430\u043d\u0435\u0435 \u0442\u0440\u0435\u043d\u0435\u0440 \"\u0412\u0430\u0448\u0438\u043d\u0433\u0442\u043e\u043d\u0430\" \u043f\u043e\u0434\u0435\u043b\u0438\u043b\u0441\u044f \u0432\u043f\u0435\u0447\u0430\u0442\u043b\u0435\u043d\u0438\u044f\u043c\u0438 \u043e\u0442\u00a0\u0438\u0433\u0440\u044b \u041e\u0432\u0435\u0447\u043a\u0438\u043d\u0430.",
    "author": 5
  }
},
{
  "model": "webapp.article",
  "pk": 6,
  "fields": {
    "title": "\u0418\u0437\u0432\u0435\u0441\u0442\u043d\u044b\u0439 \u0440\u043e\u0441\u0441\u0438\u0439\u0441\u043a\u0438\u0439 \u0430\u043a\u0442\u0435\u0440 \u043d\u0430\u0437\u0432\u0430\u043b \u041c\u0430\u043a\u0433\u0440\u0435\u0433\u043e\u0440\u0430 \u00ab\u043f\u0435\u0442\u0443\u0445\u043e\u043c\u00bb",
    "content": "\u041f\u043e\u043f\u0443\u043b\u044f\u0440\u043d\u044b\u0439 \u0440\u043e\u0441\u0441\u0438\u0439\u0441\u043a\u0438\u0439 \u0430\u043a\u0442\u0435\u0440 \u0442\u0435\u0430\u0442\u0440\u0430 \u0438\u00a0\u043a\u0438\u043d\u043e \u041c\u0438\u0445\u0430\u0438\u043b \u041f\u043e\u0440\u0435\u0447\u0435\u043d\u043a\u043e\u0432 \u0432\u044b\u0441\u043a\u0430\u0437\u0430\u043b \u043e\u0442\u043d\u043e\u0448\u0435\u043d\u0438\u0435 \u043a\u00a0\u0438\u0440\u043b\u0430\u043d\u0434\u0441\u043a\u043e\u043c\u0443 \u0431\u043e\u0439\u0446\u0443 \u0410\u0431\u0441\u043e\u043b\u044e\u0442\u043d\u043e\u0433\u043e \u0431\u043e\u0439\u0446\u043e\u0432\u0441\u043a\u043e\u0433\u043e \u0447\u0435\u043c\u043f\u0438\u043e\u043d\u0430\u0442\u0430 (UFC) \u041a\u043e\u043d\u043e\u0440\u0443 \u041c\u0430\u043a\u0433\u0440\u0435\u0433\u043e\u0440\u0443, \u0441\u043e\u043e\u0431\u0449\u0430\u0435\u0442 \"\u0421\u043e\u0432\u0435\u0442\u0441\u043a\u0438\u0439 \u0441\u043f\u043e\u0440\u0442\".\r\n\u041f\u043e\u00a0\u0441\u043b\u043e\u0432\u0430\u043c \u0430\u043a\u0442\u0435\u0440\u0430, \u0435\u043c\u0443\u00a0\u043d\u0440\u0430\u0432\u044f\u0442\u0441\u044f \u0441\u043f\u043e\u043a\u043e\u0439\u043d\u044b\u0435 \u0438\u00a0\u0441\u043a\u0440\u043e\u043c\u043d\u044b\u0435 \u0441\u043f\u043e\u0440\u0442\u0441\u043c\u0435\u043d\u044b.\r\n\"\u0424\u0435\u0434\u043e\u0440 \u0415\u043c\u0435\u043b\u044c\u044f\u043d\u0435\u043d\u043a\u043e\u00a0\u2014 \u043e\u0434\u0438\u043d \u0438\u0437\u00a0\u043c\u043e\u0438\u0445 \u043b\u044e\u0431\u0438\u043c\u044b\u0445 \u0431\u043e\u0439\u0446\u043e\u0432. \u0410\u043b\u0435\u043a\u0441\u0435\u0439 \u041e\u043b\u0435\u0439\u043d\u0438\u043a \u0442\u043e\u0436\u0435 \u0437\u0430\u043c\u0435\u0447\u0430\u0442\u0435\u043b\u044c\u043d\u044b\u0439. \u0423\u041c\u043d\u0435 \u043d\u0440\u0430\u0432\u044f\u0442\u0441\u044f \u0441\u043a\u0440\u043e\u043c\u043d\u044b\u0435, \u0441\u043f\u043e\u043a\u043e\u0439\u043d\u044b\u0435 \u0438\u00a0\u0443\u0432\u0430\u0436\u0438\u0442\u0435\u043b\u044c\u043d\u043e \u043e\u0442\u043d\u043e\u0441\u044f\u0449\u0438\u0435\u0441\u044f \u043a\u00a0\u0441\u0432\u043e\u0438\u043c \u0441\u043e\u043f\u0435\u0440\u043d\u0438\u043a\u0430\u043c, \u0430\u00a0\u0432\u043c\u0435\u0441\u0442\u0435 \u0441\u00a0\u0442\u0435\u043c\u00a0\u0432\u043d\u0443\u0442\u0440\u0435\u043d\u043d\u0435 \u043e\u0447\u0435\u043d\u044c \u0441\u0438\u043b\u044c\u043d\u044b\u0435 \u0438\u00a0\u0441\u043e\u0431\u0440\u0430\u043d\u043d\u044b\u0435 \u043b\u044e\u0434\u0438. \u0422\u0430\u043a\u0438\u0445 \u0442\u0430\u043b\u0430\u043d\u0442\u043e\u0432 \u0443\u00a0\u043d\u0430\u0441\u00a0\u043c\u043d\u043e\u0433\u043e. \u041a\u043e\u043d\u043e\u0440 \u041c\u0430\u043a\u0433\u0440\u0435\u0433\u043e\u0440? \u041f\u0435\u0442\u0443\u0445\",\u00a0\u2014 \u0441\u043a\u0430\u0437\u0430\u043b \u041f\u043e\u0440\u0435\u0447\u0435\u043d\u043a\u043e\u0432 \u0432\u00a0\u0438\u043d\u0442\u0435\u0440\u0432\u044c\u044e youtube-\u043a\u0430\u043d\u0430\u043b\u0443 BSNEWS.\r\n\u041c\u0430\u043a\u0433\u0440\u0435\u0433\u043e\u0440 \u0438\u0437\u0432\u0435\u0441\u0442\u0435\u043d \u0441\u0432\u043e\u0438\u043c \u0432\u044b\u0437\u044b\u0432\u0430\u044e\u0449\u0438\u043c \u043f\u043e\u0432\u0435\u0434\u0435\u043d\u0438\u0435\u043c \u0438\u00a0\u0433\u0440\u043e\u043c\u043a\u0438\u043c\u0438 \u0432\u044b\u0441\u043a\u0430\u0437\u044b\u0432\u0430\u043d\u0438\u044f\u043c\u0438.\r\n\u0420\u0430\u043d\u0435\u0435 \u0441\u043e\u043e\u0431\u0449\u0430\u043b\u043e\u0441\u044c, \u0447\u0442\u043e\u00a0\u0440\u043e\u0441\u0441\u0438\u0439\u0441\u043a\u0438\u0439 \u0431\u043e\u0435\u0446 MMA\u00a0\u2014 \u0432\u00a0\u041a\u043d\u0438\u0433\u0435 \u0440\u0435\u043a\u043e\u0440\u0434\u043e\u0432 \u0413\u0438\u043d\u043d\u0435\u0441\u0430 \u0432\u00a0\u0447\u0435\u0442\u044b\u0440\u0435\u0445 \u043d\u043e\u043c\u0438\u043d\u0430\u0446\u0438\u044f\u0445.",
    "author": 1
  }
},
{
  "model": "webapp.article",
  "pk": 7,
  "fields": {
    "title": "\u0412\u00a0\u00ab\u0424\u043e\u0440\u043c\u0443\u043b\u0435-1\u00bb \u0431\u0443\u0434\u0443\u0442 \u0444\u0438\u043d\u0430\u043d\u0441\u043e\u0432\u044b\u0435 \u043e\u0433\u0440\u0430\u043d\u0438\u0447\u0435\u043d\u0438\u044f",
    "content": "\u0413\u043b\u0430\u0432\u0430 \"\u0424\u043e\u0440\u043c\u0443\u043b\u044b-1\" \u0420\u043e\u0441\u0441 \u0411\u0440\u0430\u0443\u043d \u043f\u043e\u0434\u0442\u0432\u0435\u0440\u0434\u0438\u043b \u0432\u0432\u0435\u0434\u0435\u043d\u0438\u0435 \u043b\u0438\u043c\u0438\u0442\u0430 \u043a\u043e\u043c\u0430\u043d\u0434\u043d\u043e\u0433\u043e \u0431\u044e\u0434\u0436\u0435\u0442\u0430 \u0441\u00a02021 \u0433\u043e\u0434\u0430, \u0441\u043e\u043e\u0431\u0449\u0430\u0435\u0442 \"\u0421\u043e\u0432\u0435\u0442\u0441\u043a\u0438\u0439 \u0441\u043f\u043e\u0440\u0442\".\r\n\u041e\u0436\u0438\u0434\u0430\u0435\u0442\u0441\u044f, \u0447\u0442\u043e\u00a0\u043a\u0430\u0436\u0434\u0430\u044f \u043a\u043e\u043c\u0430\u043d\u0434\u0430 \u0431\u0443\u0434\u0435\u0442 \u043e\u0433\u0440\u0430\u043d\u0438\u0447\u0435\u043d\u0430 $150\u00a0\u043c\u043b\u043d\u00a0\u043d\u0430\u00a0\u0441\u0435\u0437\u043e\u043d.\r\n\"\u041c\u044b\u00a0\u043f\u0440\u043e\u0432\u043e\u0434\u0438\u043c \u043f\u0440\u043e\u0434\u0443\u043a\u0442\u0438\u0432\u043d\u044b\u0435 \u043e\u0431\u0441\u0443\u0436\u0434\u0435\u043d\u0438\u044f \u0441\u00a0\u043a\u043e\u043c\u0430\u043d\u0434\u0430\u043c\u0438. \u0412\u00a0\u0440\u0435\u0433\u043b\u0430\u043c\u0435\u043d\u0442\u0435 \u043f\u043e\u044f\u0432\u0438\u0442\u0441\u044f \u043b\u0438\u043c\u0438\u0442 \u0431\u044e\u0434\u0436\u0435\u0442\u0430 \u0438\u00a0\u0431\u043e\u043b\u0435\u0435 \u0441\u043f\u0440\u0430\u0432\u0435\u0434\u043b\u0438\u0432\u043e\u0435 \u0440\u0430\u0441\u043f\u0440\u0435\u0434\u0435\u043b\u0435\u043d\u0438\u0435 \u0434\u043e\u0445\u043e\u0434\u043e\u0432, \u043f\u043e\u044d\u0442\u043e\u043c\u0443 \u0438\u0442\u043e\u0433\u043e\u0432\u044b\u0435 \u0444\u0438\u043d\u0430\u043d\u0441\u043e\u0432\u044b\u0435 \u043f\u043e\u043a\u0430\u0437\u0430\u0442\u0435\u043b\u0438 \u043a\u043e\u043c\u0430\u043d\u0434 \u0443\u043b\u0443\u0447\u0448\u0430\u0442\u0441\u044f. \u041d\u0438\u043a\u0442\u043e \u043d\u0435\u00a0\u043e\u043a\u0430\u0436\u0435\u0442\u0441\u044f \u0432\u00a0\u043f\u0440\u043e\u0438\u0433\u0440\u044b\u0448\u0435\",\u00a0\u2014 \u043f\u0435\u0440\u0435\u0434\u0430\u0435\u0442 \u0441\u043b\u043e\u0432\u0430 \u0420\u043e\u0441\u0441\u0430 \u043e\u0444\u0438\u0446\u0438\u0430\u043b\u044c\u043d\u044b\u0439 \u0441\u0430\u0439\u0442 \"\u0424\u043e\u0440\u043c\u0443\u043b\u044b-1\".\r\n\u041d\u0430\u043f\u043e\u043c\u043d\u0438\u043c, \u0447\u0442\u043e\u00a0\u0441\u0435\u0439\u0447\u0430\u0441 \u043d\u0435\u043a\u043e\u0442\u043e\u0440\u044b\u0435 \u043a\u043e\u043c\u0430\u043d\u0434\u044b \u043f\u043e\u043b\u0443\u0447\u0430\u044e\u0442 \u043e\u0442\u00a0\u0432\u043b\u0430\u0434\u0435\u043b\u044c\u0446\u0435\u0432 \u0447\u0435\u043c\u043f\u0438\u043e\u043d\u0430\u0442\u0430 \u0434\u043e\u043f\u043e\u043b\u043d\u0438\u0442\u0435\u043b\u044c\u043d\u044b\u0435 \u0431\u043e\u043d\u0443\u0441\u044b. \u041d\u0430\u043f\u0440\u0438\u043c\u0435\u0440, \"\u0424\u0435\u0440\u0440\u0430\u0440\u0438\" \u043f\u043e\u043b\u0443\u0447\u0430\u0435\u0442 \u043e\u043f\u0440\u0435\u0434\u0435\u043b\u0435\u043d\u043d\u0443\u044e \u0441\u0443\u043c\u043c\u0443 \u0442\u043e\u043b\u044c\u043a\u043e \u0437\u0430\u00a0\u0444\u0430\u043a\u0442 \u0441\u0432\u043e\u0435\u0433\u043e \u0441\u0443\u0449\u0435\u0441\u0442\u0432\u043e\u0432\u0430\u043d\u0438\u044f.\r\n\u0420\u0430\u043d\u0435\u0435 \"\u0424\u043e\u0440\u043c\u0443\u043b\u0430-1\" \u043f\u0440\u0438\u0437\u043d\u0430\u043b\u0430 \u043c\u0430\u043d\u0435\u0432\u0440 \u0440\u043e\u0441\u0441\u0438\u0439\u0441\u043a\u043e\u0433\u043e \u043f\u0438\u043b\u043e\u0442\u0430 \u043b\u0443\u0447\u0448\u0438\u043c \u0432\u00a02018 \u0433\u043e\u0434\u0443.",
    "author": 2
  }
},
{
  "model": "webapp.article",
  "pk": 8,
  "fields": {
    "title": "\u0414\u0436\u043e\u043a\u043e\u0432\u0438\u0447 \u0438\u00a0\u0425\u0430\u043b\u0435\u043f \u043f\u0440\u0438\u0437\u043d\u0430\u043d\u044b \u043b\u0443\u0447\u0448\u0438\u043c\u0438 \u0442\u0435\u043d\u043d\u0438\u0441\u0438\u0441\u0442\u0430\u043c\u0438 \u0433\u043e\u0434\u0430",
    "content": "\u0421\u0435\u0440\u0431 \u041d\u043e\u0432\u0430\u043a \u0414\u0436\u043e\u043a\u043e\u0432\u0438\u0447 \u0438\u00a0\u043f\u0440\u0435\u0434\u0441\u0442\u0430\u0432\u0438\u0442\u0435\u043b\u044c\u043d\u0438\u0446\u0430 \u0420\u0443\u043c\u044b\u043d\u0438\u0438 \u0421\u0438\u043c\u043e\u043d\u0430 \u0425\u0430\u043b\u0435\u043f \u043f\u0440\u0438\u0437\u043d\u0430\u043d\u044b \u043b\u0443\u0447\u0448\u0438\u043c\u0438 \u0438\u0433\u0440\u043e\u043a\u0430\u043c\u0438 (\u0447\u0435\u043c\u043f\u0438\u043e\u043d\u0430\u043c\u0438 \u043c\u0438\u0440\u0430) 2018 \u0433\u043e\u0434\u0430 \u043f\u043e\u00a0\u0432\u0435\u0440\u0441\u0438\u0438 \u041c\u0435\u0436\u0434\u0443\u043d\u0430\u0440\u043e\u0434\u043d\u043e\u0439 \u0444\u0435\u0434\u0435\u0440\u0430\u0446\u0438\u0438 \u0442\u0435\u043d\u043d\u0438\u0441\u0430 (ITF).\r\n\u041e\u0431\u00a0\u044d\u0442\u043e\u043c \u0441\u043e\u043e\u0431\u0449\u0430\u0435\u0442\u0441\u044f \u043d\u0430\u00a0\u043e\u0444\u0438\u0446\u0438\u0430\u043b\u044c\u043d\u043e\u043c \u0441\u0430\u0439\u0442\u0435 \u043e\u0440\u0433\u0430\u043d\u0438\u0437\u0430\u0446\u0438\u0438.\r\n\u0412\u00a0\u043c\u0438\u043d\u0443\u0432\u0448\u0435\u043c \u0441\u0435\u0437\u043e\u043d\u0435 \u0414\u0436\u043e\u043a\u043e\u0432\u0438\u0447 \u043f\u043e\u0434\u043d\u044f\u043b\u0441\u044f \u0441\u00a022-\u0433\u043e\u00a0\u043d\u0430\u00a0\u043f\u0435\u0440\u0432\u043e\u0435 \u043c\u0435\u0441\u0442\u043e \u0432\u00a0\u0440\u0435\u0439\u0442\u0438\u043d\u0433\u0435 \u0410\u0441\u0441\u043e\u0446\u0438\u0430\u0446\u0438\u0438 \u0442\u0435\u043d\u043d\u0438\u0441\u0438\u0441\u0442\u043e\u0432-\u043f\u0440\u043e\u0444\u0435\u0441\u0441\u0438\u043e\u043d\u0430\u043b\u043e\u0432 (ATP) \u0438\u00a0\u0437\u0430\u0432\u043e\u0435\u0432\u0430\u043b \u0447\u0435\u0442\u044b\u0440\u0435 \u0442\u0438\u0442\u0443\u043b\u0430, \u0441\u0440\u0435\u0434\u0438 \u043a\u043e\u0442\u043e\u0440\u044b\u0445 \u043f\u043e\u0431\u0435\u0434\u0430 \u043d\u0430\u00a0\u0423\u0438\u043c\u0431\u043b\u0434\u043e\u043d\u0435 \u0438\u00a0US\u00a0Open. \u0425\u0430\u043b\u0435\u043f \u0432\u043e\u0437\u0433\u043b\u0430\u0432\u043b\u044f\u043b\u0430 \u0440\u0435\u0439\u0442\u0438\u043d\u0433 \u0416\u0435\u043d\u0441\u043a\u043e\u0439 \u0442\u0435\u043d\u043d\u0438\u0441\u043d\u043e\u0439 \u0430\u0441\u0441\u043e\u0446\u0438\u0430\u0446\u0438\u0438 (WTA) \u043f\u0440\u0430\u043a\u0442\u0438\u0447\u0435\u0441\u043a\u0438 \u043d\u0430\u00a0\u043f\u0440\u043e\u0442\u044f\u0436\u0435\u043d\u0438\u0438 \u0432\u0441\u0435\u0433\u043e \u0433\u043e\u0434\u0430, \u0432\u044b\u0438\u0433\u0440\u0430\u0432 \u00ab\u0420\u043e\u043b\u043b\u0430\u043d \u0413\u0430\u0440\u0440\u043e\u0441\u00bb \u0438\u00a0\u0435\u0449\u0451\u00a0\u0434\u0432\u0430\u00a0\u0442\u0443\u0440\u043d\u0438\u0440\u0430.\r\n\u041e\u0442\u043c\u0435\u0447\u0430\u0435\u0442\u0441\u044f, \u0447\u0442\u043e\u00a0\u0414\u0436\u043e\u043a\u043e\u0432\u0438\u0447 \u0434\u043e\u0433\u043d\u0430\u043b \u0430\u043c\u0435\u0440\u0438\u043a\u0430\u043d\u0446\u0430 \u041f\u0438\u0442\u0430 \u0421\u0430\u043c\u043f\u0440\u0430\u0441\u0430 \u043f\u043e\u00a0\u043a\u043e\u043b\u0438\u0447\u0435\u0441\u0442\u0432\u0443 \u043d\u0430\u0433\u0440\u0430\u0434 \u043b\u0443\u0447\u0448\u0435\u043c\u0443 \u0442\u0435\u043d\u043d\u0438\u0441\u0438\u0441\u0442\u0443 \u043f\u043b\u0430\u043d\u0435\u0442\u044b. \u0421\u0435\u0440\u0431 \u043f\u0440\u0438\u0437\u043d\u0430\u0432\u0430\u043b\u0441\u044f \u0441\u0438\u043b\u044c\u043d\u0435\u0439\u0448\u0438\u043c \u0448\u0435\u0441\u0442\u044c \u0440\u0430\u0437.\r\n\u0420\u0430\u043d\u0435\u0435 \u0441\u043e\u043e\u0431\u0449\u0430\u043b\u043e\u0441\u044c, \u0447\u0442\u043e\u00a0\u0442\u0435\u043d\u043d\u0438\u0441\u043d\u044b\u0439 \u0442\u0443\u0440\u043d\u0438\u0440 Moscow River Cup\u00a0\u043f\u0435\u0440\u0435\u0435\u0434\u0435\u0442 \u0432\u00a0\u041b\u0430\u0442\u0432\u0438\u044e \u0438\u00a0\u0441\u043c\u0435\u043d\u0438\u0442 \u043d\u0430\u0437\u0432\u0430\u043d\u0438\u0435.",
    "author": 3
  }
},
{
  "model": "webapp.article",
  "pk": 9,
  "fields": {
    "title": "\u0424\u043e\u0440\u0432\u0430\u0440\u0434 \u00ab\u0414\u0430\u043b\u043b\u0430\u0441\u0430\u00bb \u0443\u0441\u0442\u0430\u043d\u043e\u0432\u0438\u043b \u0440\u0435\u043a\u043e\u0440\u0434 \u041d\u0411\u0410\u00a0\u043f\u043e\u00a0\u0447\u0438\u0441\u043b\u0443 \u0441\u0435\u0437\u043e\u043d\u043e\u0432 \u0432\u00a0\u043e\u0434\u043d\u043e\u043c \u043a\u043b\u0443\u0431\u0435",
    "content": "\u041d\u0430\u043f\u0430\u0434\u0430\u044e\u0449\u0438\u0439 \"\u0414\u0430\u043b\u043b\u0430\u0441 \u041c\u0430\u0432\u0435\u0440\u0438\u043a\u0441\" \u0414\u0438\u0440\u043a \u041d\u043e\u0432\u0438\u0446\u043a\u0438 \u0443\u0441\u0442\u0430\u043d\u043e\u0432\u0438\u043b \u0440\u0435\u043a\u043e\u0440\u0434 \u041d\u0430\u0446\u0438\u043e\u043d\u0430\u043b\u044c\u043d\u043e\u0439 \u0431\u0430\u0441\u043a\u0435\u0442\u0431\u043e\u043b\u044c\u043d\u043e\u0439 \u0430\u0441\u0441\u043e\u0446\u0438\u0430\u0446\u0438\u0438 (\u041d\u0411\u0410) \u043f\u043e\u00a0\u0447\u0438\u0441\u043b\u0443 \u0441\u0435\u0437\u043e\u043d\u043e\u0432, \u0432\u00a0\u043a\u043e\u0442\u043e\u0440\u044b\u0445 \u043e\u043d\u00a0\u0432\u044b\u0441\u0442\u0443\u043f\u0430\u043b \u0437\u0430\u00a0\u043e\u0434\u0438\u043d \u043a\u043b\u0443\u0431, \u0441\u043e\u043e\u0431\u0449\u0430\u0435\u0442 \"\u0421\u043e\u0432\u0435\u0442\u0441\u043a\u0438\u0439 \u0441\u043f\u043e\u0440\u0442\".\r\n14\u00a0\u0434\u0435\u043a\u0430\u0431\u0440\u044f 40-\u043b\u0435\u0442\u043d\u0438\u0439 \u043d\u0435\u043c\u0435\u0446 \u0432\u043f\u0435\u0440\u0432\u044b\u0435 \u043f\u0440\u0438\u043d\u0438\u043c\u0430\u043b \u0443\u0447\u0430\u0441\u0442\u0438\u0435 \u0432\u00a0\u0438\u0433\u0440\u0435 \u0432\u00a0\u0441\u0435\u0437\u043e\u043d\u0435-2018/19. \u0422\u0430\u043a\u0438\u043c \u043e\u0431\u0440\u0430\u0437\u043e\u043c, \u044d\u0442\u043e\u0442 \u0441\u0435\u0437\u043e\u043d \u0441\u0442\u0430\u043b \u0434\u043b\u044f\u00a0\u043d\u0435\u0433\u043e \u0443\u0436\u0435\u00a021-\u043c\u00a0\u0432\u00a0\"\u0414\u0430\u043b\u043b\u0430\u0441\u0435\".\r\n\u041f\u043e\u00a0\u043a\u043e\u043b\u0438\u0447\u0435\u0441\u0442\u0432\u0443 \u043b\u0435\u0442, \u043f\u0440\u043e\u0432\u0435\u0434\u0435\u043d\u043d\u044b\u0445 \u0432\u00a0\u043e\u0434\u043d\u043e\u0439 \u043a\u043e\u043c\u0430\u043d\u0434\u0435, \u041d\u043e\u0432\u0438\u0446\u043a\u0438 \u043f\u0440\u0435\u0432\u0437\u043e\u0448\u0435\u043b \u0431\u0430\u0441\u043a\u0435\u0442\u0431\u043e\u043b\u0438\u0441\u0442\u0430 \u041a\u043e\u0431\u0438 \u0411\u0440\u0430\u0439\u0430\u043d\u0442\u0430, \u0437\u0430\u0449\u0438\u0449\u0430\u044e\u0449\u0435\u0433\u043e \u0446\u0432\u0435\u0442\u0430 \"\u041b\u043e\u0441-\u0410\u043d\u0434\u0436\u0435\u043b\u0435\u0441 \u041b\u0435\u0439\u043a\u0435\u0440\u0441\" \u0443\u0436\u0435\u00a020\u00a0\u0441\u0435\u0437\u043e\u043d\u043e\u0432.\r\n\u0420\u0430\u043d\u0435\u0435 \"\u0421\u0430\u043a\u0440\u0430\u043c\u0435\u043d\u0442\u043e \u041a\u0438\u043d\u0433\u0437\" \u043e\u0431\u044b\u0433\u0440\u0430\u043b \"\u041c\u0438\u043d\u043d\u0435\u0441\u043e\u0442\u0443 \u0422\u0438\u043c\u0431\u0435\u0440\u0432\u0443\u043b\u0432\u0437\" \u0432\u00a0\u043c\u0430\u0442\u0447\u0435 \u0440\u0435\u0433\u0443\u043b\u044f\u0440\u043d\u043e\u0433\u043e \u0447\u0435\u043c\u043f\u0438\u043e\u043d\u0430\u0442\u0430 \u041d\u0411\u0410.",
    "author": 4
  }
},
{
  "model": "webapp.article",
  "pk": 10,
  "fields": {
    "title": "\u00ab\u0424\u043e\u0440\u043c\u0443\u043b\u0430-1\u00bb \u043f\u0440\u0438\u0437\u043d\u0430\u043b\u0430 \u043c\u0430\u043d\u0435\u0432\u0440 \u0440\u043e\u0441\u0441\u0438\u0439\u0441\u043a\u043e\u0433\u043e \u043f\u0438\u043b\u043e\u0442\u0430 \u043b\u0443\u0447\u0448\u0438\u043c \u0432\u00a02018 \u0433\u043e\u0434\u0443",
    "content": "\u041f\u0438\u043b\u043e\u0442 \u043a\u043e\u043c\u0430\u043d\u0434\u044b \"\u0420\u0443\u0441\u0441\u043a\u043e\u0435 \u0432\u0440\u0435\u043c\u044f\" \u0410\u0440\u0442\u0435\u043c \u041c\u0430\u0440\u043a\u0435\u043b\u043e\u0432 \u043e\u0441\u0443\u0449\u0435\u0441\u0442\u0432\u0438\u043b \u043b\u0443\u0447\u0448\u0438\u0439 \u043e\u0431\u0433\u043e\u043d \u0441\u0435\u0437\u043e\u043d\u0430 \"\u0424\u043e\u0440\u043c\u0443\u043b\u044b-2\", \u0441\u043e\u043e\u0431\u0449\u0430\u0435\u0442 \"\u0421\u043e\u0432\u0435\u0442\u0441\u043a\u0438\u0439 \u0441\u043f\u043e\u0440\u0442\".\r\n\u0412\u0438\u0434\u0435\u043e\u0437\u0430\u043f\u0438\u0441\u044c \u0441\u00a0\u0440\u0435\u0439\u0442\u0438\u043d\u0433\u043e\u043c \u0434\u0435\u0441\u044f\u0442\u0438 \u0441\u0430\u043c\u044b\u0445 \u0437\u0430\u043f\u043e\u043c\u0438\u043d\u0430\u044e\u0449\u0438\u0445\u0441\u044f \u043c\u0430\u043d\u0435\u0432\u0440\u043e\u043c \u0433\u043e\u0434\u0430 \u0431\u044b\u043b\u00a0\u043e\u043f\u0443\u0431\u043b\u0438\u043a\u043e\u0432\u0430\u043d \u043d\u0430\u00a0YouTube-\u043a\u0430\u043d\u0430\u043b\u0435 \"\u0424\u043e\u0440\u043c\u0443\u043b\u044b-1\".\r\n\u0420\u043e\u0441\u0441\u0438\u0439\u0441\u043a\u0438\u0439 \u0433\u043e\u043d\u0449\u0438\u043a \u0441\u043e\u0432\u0435\u0440\u0448\u0438\u043b \u0442\u0440\u043e\u0439\u043d\u043e\u0439 \u043e\u0431\u0433\u043e\u043d \u043d\u0430\u00a0\u044d\u0442\u0430\u043f\u0435 \u0432\u00a0\u0410\u0432\u0441\u0442\u0440\u0438\u0438: \u043d\u0430\u00a0\u043f\u043e\u0441\u043b\u0435\u0434\u043d\u0435\u043c \u043a\u0440\u0443\u0433\u0435 \u043e\u043d\u00a0\u043e\u0431\u043e\u0448\u0435\u043b \u0441\u0440\u0430\u0437\u0443 \u0442\u0440\u0438\u00a0\u0431\u043e\u043b\u0438\u0434\u0430 \u0441\u043e\u043f\u0435\u0440\u043d\u0438\u043a\u043e\u0432, \u0447\u0435\u043c\u00a0\u043f\u0440\u0438\u0432\u0435\u043b \u043a\u043e\u043c\u043c\u0435\u043d\u0442\u0430\u0442\u043e\u0440\u043e\u0432 \u0432\u00a0\u0432\u043e\u0441\u0442\u043e\u0440\u0433.\r\n\u0414\u0430\u043d\u043d\u044b\u0439 \u043e\u0431\u0433\u043e\u043d \u0431\u044b\u043b\u00a0\u043f\u0440\u0438\u0437\u043d\u0430\u043d \u044d\u043a\u0441\u043f\u0435\u0440\u0442\u0430\u043c\u0438 \u043b\u0443\u0447\u0448\u0438\u043c \u0432\u00a0\u0441\u0435\u0437\u043e\u043d\u0435. \u041d\u043e\u00a0\u043f\u043e\u043c\u0438\u043c\u043e \u044d\u0442\u043e\u0433\u043e \u0432\u00a0\u0442\u043e\u043f\u00a0\u043f\u043e\u043f\u0430\u043b\u0438 \u0435\u0449\u0435\u00a0\u0434\u0432\u0430\u00a0\u043c\u0430\u043d\u0435\u0432\u0440\u0430 \u0432\u00a0\u0438\u0441\u043f\u043e\u043b\u043d\u0435\u043d\u0438\u0438 \u041c\u0430\u0440\u043a\u0435\u043b\u043e\u0432\u0430.\r\n\u0420\u0430\u043d\u0435\u0435 \u0441\u043e\u043e\u0431\u0449\u0430\u043b\u043e\u0441\u044c, \u0447\u0442\u043e\u00a0\u043e\u0434\u0438\u043d \u0438\u0437\u00a0\u044d\u0442\u0430\u043f\u043e\u0432 \u0447\u0435\u043c\u043f\u0438\u043e\u043d\u0430\u0442\u0430 \u043c\u0438\u0440\u0430 \u043f\u043e\u00a0\u0430\u0432\u0442\u043e\u0433\u043e\u043d\u043a\u0430\u043c \"\u0424\u043e\u0440\u043c\u0443\u043b\u044b-1\" \u0413\u0440\u0430\u043d-\u043f\u0440\u0438\u00a0\u041c\u0435\u043a\u0441\u0438\u043a\u0438 \u043c\u043e\u0436\u0435\u0442 \u043f\u0440\u043e\u0439\u0442\u0438 \u0432\u00a0\u043f\u043e\u0441\u043b\u0435\u0434\u043d\u0438\u0439 \u0440\u0430\u0437\u00a0\u0432\u00a02019 \u0433\u043e\u0434\u0443.",
    "author": 5
  }
},
{
  "model": "webapp.article",
  "pk": 11,
  "fields": {
    "title": "\u041d\u043e\u0432\u0430\u044f \u0441\u0442\u0430\u0442\u044c\u044f",
    "content": "\u0421\u043e\u0434\u0435\u0440\u0436\u0430\u043d\u0438\u0435 (\u043f\u0440\u043e\u0432\u0435\u0440\u043a\u0430 \u0440\u0435\u0434\u0430\u043a\u0442\u0438\u0440\u043e\u0432\u0430\u043d\u0438\u044f)",
    "author": 1
  }
},
{
  "model": "webapp.comment",
  "pk": 1,
  "fields": {
    "article": 1,
    "user": 1,
    "parent": 1,
    "content": "\u041c\u043e\u043b\u043e\u0434\u0446\u044b \u0431\u0438\u043e\u0442\u043b\u043e\u043d\u0438\u0441\u0442\u043a\u0438"
  }
},
{
  "model": "webapp.comment",
  "pk": 2,
  "fields": {
    "article": 2,
    "user": 2,
    "parent": 1,
    "content": "\u041f\u0440\u0438\u043a\u043e\u043b\u044c\u043d\u0430\u044f \u0441\u0442\u0430\u0442\u044c\u044f"
  }
},
{
  "model": "webapp.comment",
  "pk": 3,
  "fields": {
    "article": 3,
    "user": 3,
    "parent": 1,
    "content": "\u0421\u043e\u0431\u043e\u043b\u0435\u0437\u043d\u0443\u044e"
  }
},
{
  "model": "webapp.comment",
  "pk": 4,
  "fields": {
    "article": 4,
    "user": 4,
    "parent": 1,
    "content": "\u0420\u0430\u043d\u0430\u043b\u0434\u0443 \u0440\u0443\u043b\u0438\u0442"
  }
},
{
  "model": "webapp.comment",
  "pk": 5,
  "fields": {
    "article": 5,
    "user": 5,
    "parent": 1,
    "content": "\u041e\u0432\u0435\u0447\u043a\u0438\u043d \u043b\u0443\u0447\u0448\u0438\u0439"
  }
},
{
  "model": "webapp.comment",
  "pk": 6,
  "fields": {
    "article": 6,
    "user": 1,
    "parent": 1,
    "content": "\u0421\u0430\u043c \u0442\u044b \u043f\u0435\u0442\u0443\u0445"
  }
},
{
  "model": "webapp.comment",
  "pk": 7,
  "fields": {
    "article": 7,
    "user": 2,
    "parent": 1,
    "content": "\u0414\u0430\u0432\u043d\u043e \u043f\u043e\u0440\u0430"
  }
},
{
  "model": "webapp.comment",
  "pk": 8,
  "fields": {
    "article": 8,
    "user": 3,
    "parent": 1,
    "content": "\u0410 \u043a\u0430\u043a \u0436\u0435 \u0424\u0435\u0434\u0435\u0440\u0435\u0440 ?"
  }
},
{
  "model": "webapp.comment",
  "pk": 9,
  "fields": {
    "article": 10,
    "user": 5,
    "parent": 1,
    "content": "\u0411\u0443\u0434\u0443\u0449\u0438\u0439 \u0428\u0443\u043c\u0430\u0445\u0435\u0440"
  }
},
{
  "model": "webapp.comment",
  "pk": 10,
  "fields": {
    "article": null,
    "user": 4,
    "parent": 4,
    "content": "\u042d\u0442\u043e \u0442\u043e\u0447\u043d\u043e"
  }
},
{
  "model": "webapp.comment",
  "pk": 11,
  "fields": {
    "article": 1,
    "user": 3,
    "parent": null,
    "content": "\u041c\u043e\u043b\u043e\u0434\u0446\u044b"
  }
},
{
  "model": "webapp.comment",
  "pk": 12,
  "fields": {
    "article": 1,
    "user": 1,
    "parent": null,
    "content": "dsfasfasfadsdfa"
  }
},
{
  "model": "webapp.comment",
  "pk": 13,
  "fields": {
    "article": 1,
    "user": 2,
    "parent": null,
    "content": "test"
  }
},
{
  "model": "webapp.comment",
  "pk": 14,
  "fields": {
    "article": 1,
    "user": 5,
    "parent": null,
    "content": "qwertyy"
  }
},
{
  "model": "webapp.comment",
  "pk": 15,
  "fields": {
    "article": 1,
    "user": 5,
    "parent": null,
    "content": "\u0420\u0435\u0434\u0430\u043a\u0442\u0438\u0440\u043e\u0432\u0430\u043d\u0438\u0435"
  }
},
{
  "model": "webapp.comment",
  "pk": 16,
  "fields": {
    "article": 1,
    "user": 3,
    "parent": null,
    "content": "555"
  }
},
{
  "model": "webapp.ratting",
  "pk": 1,
  "fields": {
    "article": 1,
    "user": 1,
    "mark": "terrible"
  }
},
{
  "model": "webapp.ratting",
  "pk": 2,
  "fields": {
    "article": 1,
    "user": 2,
    "mark": "bad"
  }
},
{
  "model": "webapp.ratting",
  "pk": 3,
  "fields": {
    "article": 1,
    "user": 3,
    "mark": "ok"
  }
},
{
  "model": "webapp.ratting",
  "pk": 4,
  "fields": {
    "article": 1,
    "user": 4,
    "mark": "good"
  }
},
{
  "model": "webapp.ratting",
  "pk": 5,
  "fields": {
    "article": 1,
    "user": 5,
    "mark": "fine"
  }
},
{
  "model": "webapp.ratting",
  "pk": 6,
  "fields": {
    "article": 2,
    "user": 5,
    "mark": "terrible"
  }
},
{
  "model": "webapp.ratting",
  "pk": 7,
  "fields": {
    "article": 2,
    "user": 4,
    "mark": "bad"
  }
},
{
  "model": "webapp.ratting",
  "pk": 8,
  "fields": {
    "article": 2,
    "user": 3,
    "mark": "ok"
  }
},
{
  "model": "webapp.ratting",
  "pk": 9,
  "fields": {
    "article": 2,
    "user": 2,
    "mark": "good"
  }
},
{
  "model": "webapp.ratting",
  "pk": 10,
  "fields": {
    "article": 2,
    "user": 1,
    "mark": "fine"
  }
},
{
  "model": "webapp.ratting",
  "pk": 11,
  "fields": {
    "article": 3,
    "user": 1,
    "mark": "good"
  }
},
{
  "model": "webapp.ratting",
  "pk": 12,
  "fields": {
    "article": 3,
    "user": 2,
    "mark": "ok"
  }
},
{
  "model": "webapp.ratting",
  "pk": 13,
  "fields": {
    "article": 3,
    "user": 3,
    "mark": "fine"
  }
},
{
  "model": "webapp.ratting",
  "pk": 14,
  "fields": {
    "article": 4,
    "user": 3,
    "mark": "ok"
  }
},
{
  "model": "webapp.ratting",
  "pk": 15,
  "fields": {
    "article": 5,
    "user": 4,
    "mark": "fine"
  }
},
{
  "model": "webapp.ratting",
  "pk": 16,
  "fields": {
    "article": 6,
    "user": 5,
    "mark": "terrible"
  }
},
{
  "model": "webapp.ratting",
  "pk": 17,
  "fields": {
    "article": 7,
    "user": 1,
    "mark": "good"
  }
},
{
  "model": "auth.permission",
  "pk": 1,
  "fields": {
    "name": "Can add log entry",
    "content_type": 1,
    "codename": "add_logentry"
  }
},
{
  "model": "auth.permission",
  "pk": 2,
  "fields": {
    "name": "Can change log entry",
    "content_type": 1,
    "codename": "change_logentry"
  }
},
{
  "model": "auth.permission",
  "pk": 3,
  "fields": {
    "name": "Can delete log entry",
    "content_type": 1,
    "codename": "delete_logentry"
  }
},
{
  "model": "auth.permission",
  "pk": 4,
  "fields": {
    "name": "Can view log entry",
    "content_type": 1,
    "codename": "view_logentry"
  }
},
{
  "model": "auth.permission",
  "pk": 5,
  "fields": {
    "name": "Can add permission",
    "content_type": 2,
    "codename": "add_permission"
  }
},
{
  "model": "auth.permission",
  "pk": 6,
  "fields": {
    "name": "Can change permission",
    "content_type": 2,
    "codename": "change_permission"
  }
},
{
  "model": "auth.permission",
  "pk": 7,
  "fields": {
    "name": "Can delete permission",
    "content_type": 2,
    "codename": "delete_permission"
  }
},
{
  "model": "auth.permission",
  "pk": 8,
  "fields": {
    "name": "Can view permission",
    "content_type": 2,
    "codename": "view_permission"
  }
},
{
  "model": "auth.permission",
  "pk": 9,
  "fields": {
    "name": "Can add group",
    "content_type": 3,
    "codename": "add_group"
  }
},
{
  "model": "auth.permission",
  "pk": 10,
  "fields": {
    "name": "Can change group",
    "content_type": 3,
    "codename": "change_group"
  }
},
{
  "model": "auth.permission",
  "pk": 11,
  "fields": {
    "name": "Can delete group",
    "content_type": 3,
    "codename": "delete_group"
  }
},
{
  "model": "auth.permission",
  "pk": 12,
  "fields": {
    "name": "Can view group",
    "content_type": 3,
    "codename": "view_group"
  }
},
{
  "model": "auth.permission",
  "pk": 13,
  "fields": {
    "name": "Can add user",
    "content_type": 4,
    "codename": "add_user"
  }
},
{
  "model": "auth.permission",
  "pk": 14,
  "fields": {
    "name": "Can change user",
    "content_type": 4,
    "codename": "change_user"
  }
},
{
  "model": "auth.permission",
  "pk": 15,
  "fields": {
    "name": "Can delete user",
    "content_type": 4,
    "codename": "delete_user"
  }
},
{
  "model": "auth.permission",
  "pk": 16,
  "fields": {
    "name": "Can view user",
    "content_type": 4,
    "codename": "view_user"
  }
},
{
  "model": "auth.permission",
  "pk": 17,
  "fields": {
    "name": "Can add content type",
    "content_type": 5,
    "codename": "add_contenttype"
  }
},
{
  "model": "auth.permission",
  "pk": 18,
  "fields": {
    "name": "Can change content type",
    "content_type": 5,
    "codename": "change_contenttype"
  }
},
{
  "model": "auth.permission",
  "pk": 19,
  "fields": {
    "name": "Can delete content type",
    "content_type": 5,
    "codename": "delete_contenttype"
  }
},
{
  "model": "auth.permission",
  "pk": 20,
  "fields": {
    "name": "Can view content type",
    "content_type": 5,
    "codename": "view_contenttype"
  }
},
{
  "model": "auth.permission",
  "pk": 21,
  "fields": {
    "name": "Can add session",
    "content_type": 6,
    "codename": "add_session"
  }
},
{
  "model": "auth.permission",
  "pk": 22,
  "fields": {
    "name": "Can change session",
    "content_type": 6,
    "codename": "change_session"
  }
},
{
  "model": "auth.permission",
  "pk": 23,
  "fields": {
    "name": "Can delete session",
    "content_type": 6,
    "codename": "delete_session"
  }
},
{
  "model": "auth.permission",
  "pk": 24,
  "fields": {
    "name": "Can view session",
    "content_type": 6,
    "codename": "view_session"
  }
},
{
  "model": "auth.permission",
  "pk": 25,
  "fields": {
    "name": "Can add user",
    "content_type": 7,
    "codename": "add_user"
  }
},
{
  "model": "auth.permission",
  "pk": 26,
  "fields": {
    "name": "Can change user",
    "content_type": 7,
    "codename": "change_user"
  }
},
{
  "model": "auth.permission",
  "pk": 27,
  "fields": {
    "name": "Can delete user",
    "content_type": 7,
    "codename": "delete_user"
  }
},
{
  "model": "auth.permission",
  "pk": 28,
  "fields": {
    "name": "Can view user",
    "content_type": 7,
    "codename": "view_user"
  }
},
{
  "model": "auth.permission",
  "pk": 29,
  "fields": {
    "name": "Can add \u0421\u0442\u0430\u0442\u044c\u044f",
    "content_type": 8,
    "codename": "add_article"
  }
},
{
  "model": "auth.permission",
  "pk": 30,
  "fields": {
    "name": "Can change \u0421\u0442\u0430\u0442\u044c\u044f",
    "content_type": 8,
    "codename": "change_article"
  }
},
{
  "model": "auth.permission",
  "pk": 31,
  "fields": {
    "name": "Can delete \u0421\u0442\u0430\u0442\u044c\u044f",
    "content_type": 8,
    "codename": "delete_article"
  }
},
{
  "model": "auth.permission",
  "pk": 32,
  "fields": {
    "name": "Can view \u0421\u0442\u0430\u0442\u044c\u044f",
    "content_type": 8,
    "codename": "view_article"
  }
},
{
  "model": "auth.permission",
  "pk": 33,
  "fields": {
    "name": "Can add \u041a\u043e\u043c\u043c\u0435\u043d\u0442\u0430\u0440\u0438\u0439",
    "content_type": 9,
    "codename": "add_comment"
  }
},
{
  "model": "auth.permission",
  "pk": 34,
  "fields": {
    "name": "Can change \u041a\u043e\u043c\u043c\u0435\u043d\u0442\u0430\u0440\u0438\u0439",
    "content_type": 9,
    "codename": "change_comment"
  }
},
{
  "model": "auth.permission",
  "pk": 35,
  "fields": {
    "name": "Can delete \u041a\u043e\u043c\u043c\u0435\u043d\u0442\u0430\u0440\u0438\u0439",
    "content_type": 9,
    "codename": "delete_comment"
  }
},
{
  "model": "auth.permission",
  "pk": 36,
  "fields": {
    "name": "Can view \u041a\u043e\u043c\u043c\u0435\u043d\u0442\u0430\u0440\u0438\u0439",
    "content_type": 9,
    "codename": "view_comment"
  }
},
{
  "model": "auth.permission",
  "pk": 37,
  "fields": {
    "name": "Can add \u041e\u0446\u0435\u043d\u043a\u0430",
    "content_type": 10,
    "codename": "add_ratting"
  }
},
{
  "model": "auth.permission",
  "pk": 38,
  "fields": {
    "name": "Can change \u041e\u0446\u0435\u043d\u043a\u0430",
    "content_type": 10,
    "codename": "change_ratting"
  }
},
{
  "model": "auth.permission",
  "pk": 39,
  "fields": {
    "name": "Can delete \u041e\u0446\u0435\u043d\u043a\u0430",
    "content_type": 10,
    "codename": "delete_ratting"
  }
},
{
  "model": "auth.permission",
  "pk": 40,
  "fields": {
    "name": "Can view \u041e\u0446\u0435\u043d\u043a\u0430",
    "content_type": 10,
    "codename": "view_ratting"
  }
},
{
  "model": "auth.user",
  "pk": 1,
  "fields": {
    "password": "pbkdf2_sha256$120000$rbQr1DDu74T5$ptOiLFpTZyMPJUpAHXDcaAO5ghL8rIUxSJLjiAp10sI=",
    "last_login": "2018-12-20T10:36:42.546Z",
    "is_superuser": true,
    "username": "admin",
    "first_name": "",
    "last_name": "",
    "email": "",
    "is_staff": true,
    "is_active": true,
    "date_joined": "2018-12-16T08:35:39.934Z",
    "groups": [],
    "user_permissions": []
  }
},
{
  "model": "admin.logentry",
  "pk": 1,
  "fields": {
    "action_time": "2018-12-16T09:41:23.017Z",
    "user": 1,
    "content_type": 7,
    "object_id": "1",
    "object_repr": "Pharaon",
    "action_flag": 1,
    "change_message": "[{\"added\": {}}]"
  }
},
{
  "model": "admin.logentry",
  "pk": 2,
  "fields": {
    "action_time": "2018-12-16T09:42:42.023Z",
    "user": 1,
    "content_type": 7,
    "object_id": "2",
    "object_repr": "M@rvel",
    "action_flag": 1,
    "change_message": "[{\"added\": {}}]"
  }
},
{
  "model": "admin.logentry",
  "pk": 3,
  "fields": {
    "action_time": "2018-12-16T09:45:12.918Z",
    "user": 1,
    "content_type": 7,
    "object_id": "3",
    "object_repr": "Isadora Duncan",
    "action_flag": 1,
    "change_message": "[{\"added\": {}}]"
  }
},
{
  "model": "admin.logentry",
  "pk": 4,
  "fields": {
    "action_time": "2018-12-16T09:48:03.471Z",
    "user": 1,
    "content_type": 7,
    "object_id": "4",
    "object_repr": "Luiz Alberto",
    "action_flag": 1,
    "change_message": "[{\"added\": {}}]"
  }
},
{
  "model": "admin.logentry",
  "pk": 5,
  "fields": {
    "action_time": "2018-12-16T09:49:18.135Z",
    "user": 1,
    "content_type": 7,
    "object_id": "3",
    "object_repr": "Isadora Duncan",
    "action_flag": 2,
    "change_message": "[{\"changed\": {\"fields\": [\"surname\"]}}]"
  }
},
{
  "model": "admin.logentry",
  "pk": 6,
  "fields": {
    "action_time": "2018-12-16T09:50:07.451Z",
    "user": 1,
    "content_type": 7,
    "object_id": "4",
    "object_repr": "Butch",
    "action_flag": 2,
    "change_message": "[{\"changed\": {\"fields\": [\"nickname\"]}}]"
  }
},
{
  "model": "admin.logentry",
  "pk": 7,
  "fields": {
    "action_time": "2018-12-16T09:52:51.153Z",
    "user": 1,
    "content_type": 7,
    "object_id": "5",
    "object_repr": "mr.White",
    "action_flag": 1,
    "change_message": "[{\"added\": {}}]"
  }
},
{
  "model": "admin.logentry",
  "pk": 8,
  "fields": {
    "action_time": "2018-12-16T09:54:02.626Z",
    "user": 1,
    "content_type": 7,
    "object_id": "4",
    "object_repr": "Butch",
    "action_flag": 2,
    "change_message": "[{\"changed\": {\"fields\": [\"name\", \"surname\"]}}]"
  }
},
{
  "model": "admin.logentry",
  "pk": 9,
  "fields": {
    "action_time": "2018-12-16T10:45:00.474Z",
    "user": 1,
    "content_type": 8,
    "object_id": "1",
    "object_repr": "\u0411\u0438\u0430\u0442\u043b\u043e\u043d\u0438\u0441\u0442\u043a\u0438 \u0438\u0437\u00a0\u0420\u043e\u0441\u0441\u0438\u0438 \u0437\u0430\u043d\u044f\u043b\u0438 \u0432\u0435\u0441\u044c \u043f\u043e\u0434\u0438\u0443\u043c",
    "action_flag": 1,
    "change_message": "[{\"added\": {}}]"
  }
},
{
  "model": "admin.logentry",
  "pk": 10,
  "fields": {
    "action_time": "2018-12-16T10:46:43.196Z",
    "user": 1,
    "content_type": 8,
    "object_id": "2",
    "object_repr": "\u0411\u044b\u0432\u0448\u0435\u0433\u043e \u0444\u0443\u0442\u0431\u043e\u043b\u0438\u0441\u0442\u0430 \u0441\u0431\u043e\u0440\u043d\u043e\u0439 \u0420\u043e\u0441\u0441\u0438\u0438 \u0432\u0441\u0442\u0440\u0435\u0442\u0438\u043b\u0438 \u043f\u043e\u0445\u043e\u0436\u0438\u043c \u043d\u0430\u00a0\u0431\u043e\u043c\u0436\u0430",
    "action_flag": 1,
    "change_message": "[{\"added\": {}}]"
  }
},
{
  "model": "admin.logentry",
  "pk": 11,
  "fields": {
    "action_time": "2018-12-16T10:48:33.257Z",
    "user": 1,
    "content_type": 8,
    "object_id": "3",
    "object_repr": "\u041e\u0442\u0435\u0446 \u0444\u0443\u0442\u0431\u043e\u043b\u0438\u0441\u0442\u0430 \u00ab\u0428\u0442\u0443\u0442\u0433\u0430\u0440\u0442\u0430\u00bb \u0441\u043a\u043e\u043d\u0447\u0430\u043b\u0441\u044f \u043d\u0430\u00a0\u0441\u0442\u0430\u0434\u0438\u043e\u043d\u0435 \u043f\u043e\u0441\u043b\u0435 \u043c\u0430\u0442\u0447\u0430 \u0441\u00a0\u00ab\u0413\u0435\u0440\u0442\u043e\u0439\u00bb",
    "action_flag": 1,
    "change_message": "[{\"added\": {}}]"
  }
},
{
  "model": "admin.logentry",
  "pk": 12,
  "fields": {
    "action_time": "2018-12-16T10:49:45.200Z",
    "user": 1,
    "content_type": 8,
    "object_id": "4",
    "object_repr": "\u0413\u043e\u043b\u00a0\u0420\u043e\u043d\u0430\u043b\u0434\u0443 \u0441\u00a0\u043f\u0435\u043d\u0430\u043b\u044c\u0442\u0438 \u043f\u0440\u0438\u043d\u0435\u0441 \u00ab\u042e\u0432\u0435\u043d\u0442\u0443\u0441\u0443\u00bb \u043f\u043e\u0431\u0435\u0434\u0443 \u043d\u0430\u0434\u00a0\u00ab\u0422\u043e\u0440\u0438\u043d\u043e\u00bb",
    "action_flag": 1,
    "change_message": "[{\"added\": {}}]"
  }
},
{
  "model": "admin.logentry",
  "pk": 13,
  "fields": {
    "action_time": "2018-12-16T10:50:52.337Z",
    "user": 1,
    "content_type": 8,
    "object_id": "5",
    "object_repr": "\u041e\u0432\u0435\u0447\u043a\u0438\u043d \u043f\u043e\u0431\u0438\u043b \u0441\u0432\u043e\u0439 \u0436\u0435\u00a0\u0440\u0435\u043a\u043e\u0440\u0434 \u0432\u00a0\u041d\u0425\u041b",
    "action_flag": 1,
    "change_message": "[{\"added\": {}}]"
  }
},
{
  "model": "admin.logentry",
  "pk": 14,
  "fields": {
    "action_time": "2018-12-16T10:52:36.797Z",
    "user": 1,
    "content_type": 8,
    "object_id": "6",
    "object_repr": "\u0418\u0437\u0432\u0435\u0441\u0442\u043d\u044b\u0439 \u0440\u043e\u0441\u0441\u0438\u0439\u0441\u043a\u0438\u0439 \u0430\u043a\u0442\u0435\u0440 \u043d\u0430\u0437\u0432\u0430\u043b \u041c\u0430\u043a\u0433\u0440\u0435\u0433\u043e\u0440\u0430 \u00ab\u043f\u0435\u0442\u0443\u0445\u043e\u043c\u00bb",
    "action_flag": 1,
    "change_message": "[{\"added\": {}}]"
  }
},
{
  "model": "admin.logentry",
  "pk": 15,
  "fields": {
    "action_time": "2018-12-16T10:53:54.738Z",
    "user": 1,
    "content_type": 8,
    "object_id": "7",
    "object_repr": "\u0412\u00a0\u00ab\u0424\u043e\u0440\u043c\u0443\u043b\u0435-1\u00bb \u0431\u0443\u0434\u0443\u0442 \u0444\u0438\u043d\u0430\u043d\u0441\u043e\u0432\u044b\u0435 \u043e\u0433\u0440\u0430\u043d\u0438\u0447\u0435\u043d\u0438\u044f",
    "action_flag": 1,
    "change_message": "[{\"added\": {}}]"
  }
},
{
  "model": "admin.logentry",
  "pk": 16,
  "fields": {
    "action_time": "2018-12-16T10:54:56.528Z",
    "user": 1,
    "content_type": 8,
    "object_id": "8",
    "object_repr": "\u0414\u0436\u043e\u043a\u043e\u0432\u0438\u0447 \u0438\u00a0\u0425\u0430\u043b\u0435\u043f \u043f\u0440\u0438\u0437\u043d\u0430\u043d\u044b \u043b\u0443\u0447\u0448\u0438\u043c\u0438 \u0442\u0435\u043d\u043d\u0438\u0441\u0438\u0441\u0442\u0430\u043c\u0438 \u0433\u043e\u0434\u0430",
    "action_flag": 1,
    "change_message": "[{\"added\": {}}]"
  }
},
{
  "model": "admin.logentry",
  "pk": 17,
  "fields": {
    "action_time": "2018-12-16T10:55:59.057Z",
    "user": 1,
    "content_type": 8,
    "object_id": "9",
    "object_repr": "\u0424\u043e\u0440\u0432\u0430\u0440\u0434 \u00ab\u0414\u0430\u043b\u043b\u0430\u0441\u0430\u00bb \u0443\u0441\u0442\u0430\u043d\u043e\u0432\u0438\u043b \u0440\u0435\u043a\u043e\u0440\u0434 \u041d\u0411\u0410\u00a0\u043f\u043e\u00a0\u0447\u0438\u0441\u043b\u0443 \u0441\u0435\u0437\u043e\u043d\u043e\u0432 \u0432\u00a0\u043e\u0434\u043d\u043e\u043c \u043a\u043b\u0443\u0431\u0435",
    "action_flag": 1,
    "change_message": "[{\"added\": {}}]"
  }
},
{
  "model": "admin.logentry",
  "pk": 18,
  "fields": {
    "action_time": "2018-12-16T10:57:06.103Z",
    "user": 1,
    "content_type": 8,
    "object_id": "10",
    "object_repr": "\u00ab\u0424\u043e\u0440\u043c\u0443\u043b\u0430-1\u00bb \u043f\u0440\u0438\u0437\u043d\u0430\u043b\u0430 \u043c\u0430\u043d\u0435\u0432\u0440 \u0440\u043e\u0441\u0441\u0438\u0439\u0441\u043a\u043e\u0433\u043e \u043f\u0438\u043b\u043e\u0442\u0430 \u043b\u0443\u0447\u0448\u0438\u043c \u0432\u00a02018 \u0433\u043e\u0434\u0443",
    "action_flag": 1,
    "change_message": "[{\"added\": {}}]"
  }
},
{
  "model": "admin.logentry",
  "pk": 19,
  "fields": {
    "action_time": "2018-12-16T11:08:33.667Z",
    "user": 1,
    "content_type": 7,
    "object_id": "5",
    "object_repr": "mr.White",
    "action_flag": 2,
    "change_message": "[{\"changed\": {\"fields\": [\"favorites\"]}}]"
  }
},
{
  "model": "admin.logentry",
  "pk": 20,
  "fields": {
    "action_time": "2018-12-16T11:08:41.813Z",
    "user": 1,
    "content_type": 7,
    "object_id": "4",
    "object_repr": "Butch",
    "action_flag": 2,
    "change_message": "[{\"changed\": {\"fields\": [\"favorites\"]}}]"
  }
},
{
  "model": "admin.logentry",
  "pk": 21,
  "fields": {
    "action_time": "2018-12-16T11:09:02.661Z",
    "user": 1,
    "content_type": 7,
    "object_id": "3",
    "object_repr": "Isadora Duncan",
    "action_flag": 2,
    "change_message": "[{\"changed\": {\"fields\": [\"favorites\"]}}]"
  }
},
{
  "model": "admin.logentry",
  "pk": 22,
  "fields": {
    "action_time": "2018-12-16T11:09:11.495Z",
    "user": 1,
    "content_type": 7,
    "object_id": "2",
    "object_repr": "M@rvel",
    "action_flag": 2,
    "change_message": "[{\"changed\": {\"fields\": [\"favorites\"]}}]"
  }
},
{
  "model": "admin.logentry",
  "pk": 23,
  "fields": {
    "action_time": "2018-12-16T11:09:25.414Z",
    "user": 1,
    "content_type": 7,
    "object_id": "1",
    "object_repr": "Pharaon",
    "action_flag": 2,
    "change_message": "[{\"changed\": {\"fields\": [\"favorites\"]}}]"
  }
},
{
  "model": "admin.logentry",
  "pk": 24,
  "fields": {
    "action_time": "2018-12-16T11:49:45.349Z",
    "user": 1,
    "content_type": 9,
    "object_id": "1",
    "object_repr": "\u041c\u043e\u043b\u043e\u0434\u0446\u044b \u0431\u0438\u043e\u0442\u043b\u043e\u043d\u0438\u0441\u0442\u043a\u0438",
    "action_flag": 1,
    "change_message": "[{\"added\": {}}]"
  }
},
{
  "model": "admin.logentry",
  "pk": 25,
  "fields": {
    "action_time": "2018-12-16T11:51:05.270Z",
    "user": 1,
    "content_type": 9,
    "object_id": "2",
    "object_repr": "\u041f\u0440\u0438\u043a\u043e\u043b\u044c\u043d\u0430\u044f \u0441\u0442\u0430\u0442\u044c\u044f",
    "action_flag": 1,
    "change_message": "[{\"added\": {}}]"
  }
},
{
  "model": "admin.logentry",
  "pk": 26,
  "fields": {
    "action_time": "2018-12-16T11:51:34.346Z",
    "user": 1,
    "content_type": 9,
    "object_id": "3",
    "object_repr": "\u0421\u043e\u0431\u043e\u043b\u0435\u0437\u043d\u0443\u044e",
    "action_flag": 1,
    "change_message": "[{\"added\": {}}]"
  }
},
{
  "model": "admin.logentry",
  "pk": 27,
  "fields": {
    "action_time": "2018-12-16T11:51:59.232Z",
    "user": 1,
    "content_type": 9,
    "object_id": "4",
    "object_repr": "\u0420\u0430\u043d\u0430\u043b\u0434\u0443 \u0440\u0443\u043b\u0438\u0442",
    "action_flag": 1,
    "change_message": "[{\"added\": {}}]"
  }
},
{
  "model": "admin.logentry",
  "pk": 28,
  "fields": {
    "action_time": "2018-12-16T11:52:28.096Z",
    "user": 1,
    "content_type": 9,
    "object_id": "5",
    "object_repr": "\u041e\u0432\u0435\u0447\u043a\u0438\u043d \u043b\u0443\u0447\u0448\u0438\u0439",
    "action_flag": 1,
    "change_message": "[{\"added\": {}}]"
  }
},
{
  "model": "admin.logentry",
  "pk": 29,
  "fields": {
    "action_time": "2018-12-16T11:52:54.527Z",
    "user": 1,
    "content_type": 9,
    "object_id": "6",
    "object_repr": "\u0421\u0430\u043c \u0442\u044b \u043f\u0435\u0442\u0443\u0445",
    "action_flag": 1,
    "change_message": "[{\"added\": {}}]"
  }
},
{
  "model": "admin.logentry",
  "pk": 30,
  "fields": {
    "action_time": "2018-12-16T11:53:17.781Z",
    "user": 1,
    "content_type": 9,
    "object_id": "7",
    "object_repr": "\u0414\u0430\u0432\u043d\u043e \u043f\u043e\u0440\u0430",
    "action_flag": 1,
    "change_message": "[{\"added\": {}}]"
  }
},
{
  "model": "admin.logentry",
  "pk": 31,
  "fields": {
    "action_time": "2018-12-16T11:54:30.108Z",
    "user": 1,
    "content_type": 9,
    "object_id": "8",
    "object_repr": "\u0410 \u043a\u0430\u043a \u0436\u0435 \u0424\u0435\u0434\u0435\u0440\u0435\u0440 ?",
    "action_flag": 1,
    "change_message": "[{\"added\": {}}]"
  }
},
{
  "model": "admin.logentry",
  "pk": 32,
  "fields": {
    "action_time": "2018-12-16T11:55:04.086Z",
    "user": 1,
    "content_type": 9,
    "object_id": "9",
    "object_repr": "\u0411\u0443\u0434\u0443\u044e\u0449\u0438\u0439 \u0428\u0443\u043c\u0430\u0445\u0435\u0440",
    "action_flag": 1,
    "change_message": "[{\"added\": {}}]"
  }
},
{
  "model": "admin.logentry",
  "pk": 33,
  "fields": {
    "action_time": "2018-12-16T11:55:16.586Z",
    "user": 1,
    "content_type": 9,
    "object_id": "9",
    "object_repr": "\u0411\u0443\u0434\u0443\u0449\u0438\u0439 \u0428\u0443\u043c\u0430\u0445\u0435\u0440",
    "action_flag": 2,
    "change_message": "[{\"changed\": {\"fields\": [\"content\"]}}]"
  }
},
{
  "model": "admin.logentry",
  "pk": 34,
  "fields": {
    "action_time": "2018-12-16T12:19:07.559Z",
    "user": 1,
    "content_type": 9,
    "object_id": "4",
    "object_repr": "\u0420\u0430\u043d\u0430\u043b\u0434\u0443 \u0440\u0443\u043b\u0438\u0442",
    "action_flag": 2,
    "change_message": "[]"
  }
},
{
  "model": "admin.logentry",
  "pk": 35,
  "fields": {
    "action_time": "2018-12-16T12:44:25.573Z",
    "user": 1,
    "content_type": 9,
    "object_id": "10",
    "object_repr": "\u042d\u0442\u043e \u0442\u043e\u0447\u043d\u043e",
    "action_flag": 1,
    "change_message": "[{\"added\": {}}]"
  }
},
{
  "model": "admin.logentry",
  "pk": 36,
  "fields": {
    "action_time": "2018-12-16T13:10:23.766Z",
    "user": 1,
    "content_type": 10,
    "object_id": "1",
    "object_repr": "terrible",
    "action_flag": 1,
    "change_message": "[{\"added\": {}}]"
  }
},
{
  "model": "admin.logentry",
  "pk": 37,
  "fields": {
    "action_time": "2018-12-16T13:10:36.170Z",
    "user": 1,
    "content_type": 10,
    "object_id": "2",
    "object_repr": "bad",
    "action_flag": 1,
    "change_message": "[{\"added\": {}}]"
  }
},
{
  "model": "admin.logentry",
  "pk": 38,
  "fields": {
    "action_time": "2018-12-16T13:10:51.672Z",
    "user": 1,
    "content_type": 10,
    "object_id": "3",
    "object_repr": "ok",
    "action_flag": 1,
    "change_message": "[{\"added\": {}}]"
  }
},
{
  "model": "admin.logentry",
  "pk": 39,
  "fields": {
    "action_time": "2018-12-16T13:11:04.173Z",
    "user": 1,
    "content_type": 10,
    "object_id": "4",
    "object_repr": "good",
    "action_flag": 1,
    "change_message": "[{\"added\": {}}]"
  }
},
{
  "model": "admin.logentry",
  "pk": 40,
  "fields": {
    "action_time": "2018-12-16T13:11:20.020Z",
    "user": 1,
    "content_type": 10,
    "object_id": "5",
    "object_repr": "fine",
    "action_flag": 1,
    "change_message": "[{\"added\": {}}]"
  }
},
{
  "model": "admin.logentry",
  "pk": 41,
  "fields": {
    "action_time": "2018-12-16T13:11:32.880Z",
    "user": 1,
    "content_type": 10,
    "object_id": "6",
    "object_repr": "terrible",
    "action_flag": 1,
    "change_message": "[{\"added\": {}}]"
  }
},
{
  "model": "admin.logentry",
  "pk": 42,
  "fields": {
    "action_time": "2018-12-16T13:11:54.370Z",
    "user": 1,
    "content_type": 10,
    "object_id": "7",
    "object_repr": "bad",
    "action_flag": 1,
    "change_message": "[{\"added\": {}}]"
  }
},
{
  "model": "admin.logentry",
  "pk": 43,
  "fields": {
    "action_time": "2018-12-16T13:12:06.864Z",
    "user": 1,
    "content_type": 10,
    "object_id": "8",
    "object_repr": "ok",
    "action_flag": 1,
    "change_message": "[{\"added\": {}}]"
  }
},
{
  "model": "admin.logentry",
  "pk": 44,
  "fields": {
    "action_time": "2018-12-16T13:12:25.195Z",
    "user": 1,
    "content_type": 10,
    "object_id": "9",
    "object_repr": "good",
    "action_flag": 1,
    "change_message": "[{\"added\": {}}]"
  }
},
{
  "model": "admin.logentry",
  "pk": 45,
  "fields": {
    "action_time": "2018-12-16T13:12:39.712Z",
    "user": 1,
    "content_type": 10,
    "object_id": "10",
    "object_repr": "fine",
    "action_flag": 1,
    "change_message": "[{\"added\": {}}]"
  }
},
{
  "model": "admin.logentry",
  "pk": 46,
  "fields": {
    "action_time": "2018-12-16T13:13:06.996Z",
    "user": 1,
    "content_type": 10,
    "object_id": "11",
    "object_repr": "good",
    "action_flag": 1,
    "change_message": "[{\"added\": {}}]"
  }
},
{
  "model": "admin.logentry",
  "pk": 47,
  "fields": {
    "action_time": "2018-12-16T13:13:28.863Z",
    "user": 1,
    "content_type": 10,
    "object_id": "12",
    "object_repr": "ok",
    "action_flag": 1,
    "change_message": "[{\"added\": {}}]"
  }
},
{
  "model": "admin.logentry",
  "pk": 48,
  "fields": {
    "action_time": "2018-12-16T13:13:48.392Z",
    "user": 1,
    "content_type": 10,
    "object_id": "13",
    "object_repr": "fine",
    "action_flag": 1,
    "change_message": "[{\"added\": {}}]"
  }
},
{
  "model": "admin.logentry",
  "pk": 49,
  "fields": {
    "action_time": "2018-12-16T13:14:05.131Z",
    "user": 1,
    "content_type": 10,
    "object_id": "14",
    "object_repr": "ok",
    "action_flag": 1,
    "change_message": "[{\"added\": {}}]"
  }
},
{
  "model": "admin.logentry",
  "pk": 50,
  "fields": {
    "action_time": "2018-12-16T13:14:21.244Z",
    "user": 1,
    "content_type": 10,
    "object_id": "15",
    "object_repr": "fine",
    "action_flag": 1,
    "change_message": "[{\"added\": {}}]"
  }
},
{
  "model": "admin.logentry",
  "pk": 51,
  "fields": {
    "action_time": "2018-12-16T13:14:36.142Z",
    "user": 1,
    "content_type": 10,
    "object_id": "16",
    "object_repr": "terrible",
    "action_flag": 1,
    "change_message": "[{\"added\": {}}]"
  }
},
{
  "model": "admin.logentry",
  "pk": 52,
  "fields": {
    "action_time": "2018-12-16T13:14:52.501Z",
    "user": 1,
    "content_type": 10,
    "object_id": "17",
    "object_repr": "good",
    "action_flag": 1,
    "change_message": "[{\"added\": {}}]"
  }
},
{
  "model": "admin.logentry",
  "pk": 53,
  "fields": {
    "action_time": "2018-12-16T16:25:23.575Z",
    "user": 1,
    "content_type": 9,
    "object_id": "11",
    "object_repr": "\u041c\u043e\u043b\u043e\u0434\u0446\u044b",
    "action_flag": 1,
    "change_message": "[{\"added\": {}}]"
  }
}
]
